,fips_code,county,state,c3_data_id
2,51001.0,Accomack,Virginia,Accomack_Virginia_UnitedStates
4,19001.0,Adair,Iowa,Adair_Iowa_UnitedStates
5,21001.0,Adair,Kentucky,Adair_Kentucky_UnitedStates
6,29001.0,Adair,Missouri,Adair_Missouri_UnitedStates
7,40001.0,Adair,Oklahoma,Adair_Oklahoma_UnitedStates
9,16003.0,Adams,Idaho,Adams_Idaho_UnitedStates
10,17001.0,Adams,Illinois,Adams_Illinois_UnitedStates
12,19003.0,Adams,Iowa,Adams_Iowa_UnitedStates
13,28001.0,Adams,Mississippi,Adams_Mississippi_UnitedStates
15,38001.0,Adams,NorthDakota,Adams_NorthDakota_UnitedStates
16,39001.0,Adams,Ohio,Adams_Ohio_UnitedStates
19,55001.0,Adams,Wisconsin,Adams_Wisconsin_UnitedStates
20,50001.0,Addison,Vermont,Addison_Vermont_UnitedStates
22,27001.0,Aitkin,Minnesota,Aitkin_Minnesota_UnitedStates
26,8003.0,Alamosa,Colorado,Alamosa_Colorado_UnitedStates
30,26001.0,Alcona,Michigan,Alcona_Michigan_UnitedStates
31,28003.0,Alcorn,Mississippi,Alcorn_Mississippi_UnitedStates
32,2013.0,AleutiansEast,Alaska,AleutiansEast_Alaska_UnitedStates
33,2016.0,AleutiansWest,Alaska,AleutiansWest_Alaska_UnitedStates
34,17003.0,Alexander,Illinois,Alexander_Illinois_UnitedStates
37,40003.0,Alfalfa,Oklahoma,Alfalfa_Oklahoma_UnitedStates
38,26003.0,Alger,Michigan,Alger_Michigan_UnitedStates
39,19005.0,Allamakee,Iowa,Allamakee_Iowa_UnitedStates
42,36003.0,Allegany,NewYork,Allegany_NewYork_UnitedStates
43,37005.0,Alleghany,NorthCarolina,Alleghany_NorthCarolina_UnitedStates
44,51005.0,Alleghany,Virginia,Alleghany_Virginia_UnitedStates
47,20001.0,Allen,Kansas,Allen_Kansas_UnitedStates
49,22003.0,Allen,Louisiana,Allen_Louisiana_UnitedStates
51,45005.0,Allendale,SouthCarolina,Allendale_SouthCarolina_UnitedStates
52,26007.0,Alpena,Michigan,Alpena_Michigan_UnitedStates
53,6003.0,Alpine,California,Alpine_California_UnitedStates
54,6005.0,Amador,California,Amador_California_UnitedStates
59,20003.0,Anderson,Kansas,Anderson_Kansas_UnitedStates
63,48001.0,Anderson,Texas,Anderson_Texas_UnitedStates
67,48005.0,Angelina,Texas,Angelina_Texas_UnitedStates
70,37007.0,Anson,NorthCarolina,Anson_NorthCarolina_UnitedStates
71,31003.0,Antelope,Nebraska,Antelope_Nebraska_UnitedStates
72,26009.0,Antrim,Michigan,Antrim_Michigan_UnitedStates
73,4001.0,Apache,Arizona,Apache_Arizona_UnitedStates
74,19007.0,Appanoose,Iowa,Appanoose_Iowa_UnitedStates
75,13001.0,Appling,Georgia,Appling_Georgia_UnitedStates
80,8007.0,Archuleta,Colorado,Archuleta_Colorado_UnitedStates
81,26011.0,Arenac,Michigan,Arenac_Michigan_UnitedStates
82,5001.0,Arkansas,Arkansas,Arkansas_Arkansas_UnitedStates
85,48011.0,Armstrong,Texas,Armstrong_Texas_UnitedStates
86,23003.0,Aroostook,Maine,Aroostook_Maine_UnitedStates
87,31005.0,Arthur,Nebraska,Arthur_Nebraska_UnitedStates
89,37009.0,Ashe,NorthCarolina,Ashe_NorthCarolina_UnitedStates
91,55003.0,Ashland,Wisconsin,Ashland_Wisconsin_UnitedStates
92,5003.0,Ashley,Arkansas,Ashley_Arkansas_UnitedStates
95,22007.0,Assumption,Louisiana,Assumption_Louisiana_UnitedStates
98,29005.0,Atchison,Missouri,Atchison_Missouri_UnitedStates
100,13003.0,Atkinson,Georgia,Atkinson_Georgia_UnitedStates
102,40005.0,Atoka,Oklahoma,Atoka_Oklahoma_UnitedStates
103,28007.0,Attala,Mississippi,Attala_Mississippi_UnitedStates
105,19009.0,Audubon,Iowa,Audubon_Iowa_UnitedStates
108,46003.0,Aurora,SouthDakota,Aurora_SouthDakota_UnitedStates
111,37011.0,Avery,NorthCarolina,Avery_NorthCarolina_UnitedStates
112,22009.0,Avoyelles,Louisiana,Avoyelles_Louisiana_UnitedStates
113,8009.0,Baca,Colorado,Baca_Colorado_UnitedStates
114,13005.0,Bacon,Georgia,Bacon_Georgia_UnitedStates
115,48017.0,Bailey,Texas,Bailey_Texas_UnitedStates
117,13007.0,Baker,Georgia,Baker_Georgia_UnitedStates
118,41001.0,Baker,Oregon,Baker_Oregon_UnitedStates
121,21007.0,Ballard,Kentucky,Ballard_Kentucky_UnitedStates
124,45009.0,Bamberg,SouthCarolina,Bamberg_SouthCarolina_UnitedStates
126,13011.0,Banks,Georgia,Banks_Georgia_UnitedStates
127,31007.0,Banner,Nebraska,Banner_Nebraska_UnitedStates
129,26013.0,Baraga,Michigan,Baraga_Michigan_UnitedStates
130,20007.0,Barber,Kansas,Barber_Kansas_UnitedStates
131,1005.0,Barbour,Alabama,Barbour_Alabama_UnitedStates
132,54001.0,Barbour,WestVirginia,Barbour_WestVirginia_UnitedStates
133,38003.0,Barnes,NorthDakota,Barnes_NorthDakota_UnitedStates
135,45011.0,Barnwell,SouthCarolina,Barnwell_SouthCarolina_UnitedStates
137,55005.0,Barron,Wisconsin,Barron_Wisconsin_UnitedStates
140,29009.0,Barry,Missouri,Barry_Missouri_UnitedStates
142,20009.0,Barton,Kansas,Barton_Kansas_UnitedStates
143,29011.0,Barton,Missouri,Barton_Missouri_UnitedStates
148,51017.0,Bath,Virginia,Bath_Virginia_UnitedStates
149,5005.0,Baxter,Arkansas,Baxter_Arkansas_UnitedStates
152,55007.0,Bayfield,Wisconsin,Bayfield_Wisconsin_UnitedStates
153,48023.0,Baylor,Texas,Baylor_Texas_UnitedStates
154,46005.0,Beadle,SouthDakota,Beadle_SouthDakota_UnitedStates
155,16007.0,BearLake,Idaho,BearLake_Idaho_UnitedStates
160,40007.0,Beaver,Oklahoma,Beaver_Oklahoma_UnitedStates
162,49001.0,Beaver,Utah,Beaver_Utah_UnitedStates
163,30001.0,Beaverhead,Montana,Beaverhead_Montana_UnitedStates
164,27005.0,Becker,Minnesota,Becker_Minnesota_UnitedStates
165,40009.0,Beckham,Oklahoma,Beckham_Oklahoma_UnitedStates
166,42009.0,Bedford,Pennsylvania,Bedford_Pennsylvania_UnitedStates
171,21013.0,Bell,Kentucky,Bell_Kentucky_UnitedStates
174,27007.0,Beltrami,Minnesota,Beltrami_Minnesota_UnitedStates
175,13017.0,BenHill,Georgia,BenHill_Georgia_UnitedStates
176,16009.0,Benewah,Idaho,Benewah_Idaho_UnitedStates
177,46007.0,Bennett,SouthDakota,Bennett_SouthDakota_UnitedStates
179,38005.0,Benson,NorthDakota,Benson_NorthDakota_UnitedStates
180,8011.0,Bent,Colorado,Bent_Colorado_UnitedStates
186,29015.0,Benton,Missouri,Benton_Missouri_UnitedStates
188,47005.0,Benton,Tennessee,Benton_Tennessee_UnitedStates
190,26019.0,Benzie,Michigan,Benzie_Michigan_UnitedStates
197,13019.0,Berrien,Georgia,Berrien_Georgia_UnitedStates
199,37015.0,Bertie,NorthCarolina,Bertie_NorthCarolina_UnitedStates
200,2050.0,Bethel,Alaska,Bethel_Alaska_UnitedStates
204,22013.0,Bienville,Louisiana,Bienville_Louisiana_UnitedStates
205,30003.0,BigHorn,Montana,BigHorn_Montana_UnitedStates
206,56003.0,BigHorn,Wyoming,BigHorn_Wyoming_UnitedStates
207,27011.0,BigStone,Minnesota,BigStone_Minnesota_UnitedStates
208,38007.0,Billings,NorthDakota,Billings_NorthDakota_UnitedStates
211,18009.0,Blackford,Indiana,Blackford_Indiana_UnitedStates
212,37017.0,Bladen,NorthCarolina,Bladen_NorthCarolina_UnitedStates
213,16013.0,Blaine,Idaho,Blaine_Idaho_UnitedStates
214,30005.0,Blaine,Montana,Blaine_Montana_UnitedStates
215,31009.0,Blaine,Nebraska,Blaine_Nebraska_UnitedStates
216,40011.0,Blaine,Oklahoma,Blaine_Oklahoma_UnitedStates
218,48031.0,Blanco,Texas,Blanco_Texas_UnitedStates
219,51021.0,Bland,Virginia,Bland_Virginia_UnitedStates
220,13023.0,Bleckley,Georgia,Bleckley_Georgia_UnitedStates
221,47007.0,Bledsoe,Tennessee,Bledsoe_Tennessee_UnitedStates
226,28011.0,Bolivar,Mississippi,Bolivar_Mississippi_UnitedStates
228,46009.0,BonHomme,SouthDakota,BonHomme_SouthDakota_UnitedStates
232,5009.0,Boone,Arkansas,Boone_Arkansas_UnitedStates
238,31011.0,Boone,Nebraska,Boone_Nebraska_UnitedStates
240,48033.0,Borden,Texas,Borden_Texas_UnitedStates
241,48035.0,Bosque,Texas,Bosque_Texas_UnitedStates
244,38009.0,Bottineau,NorthDakota,Bottineau_NorthDakota_UnitedStates
246,16021.0,Boundary,Idaho,Boundary_Idaho_UnitedStates
247,20011.0,Bourbon,Kansas,Bourbon_Kansas_UnitedStates
250,38011.0,Bowman,NorthDakota,Bowman_NorthDakota_UnitedStates
251,31013.0,BoxButte,Nebraska,BoxButte_Nebraska_UnitedStates
255,31015.0,Boyd,Nebraska,Boyd_Nebraska_UnitedStates
256,21021.0,Boyle,Kentucky,Boyle_Kentucky_UnitedStates
258,12007.0,Bradford,Florida,Bradford_Florida_UnitedStates
260,5011.0,Bradley,Arkansas,Bradley_Arkansas_UnitedStates
264,54007.0,Braxton,WestVirginia,Braxton_WestVirginia_UnitedStates
267,21025.0,Breathitt,Kentucky,Breathitt_Kentucky_UnitedStates
268,21027.0,Breckinridge,Kentucky,Breckinridge_Kentucky_UnitedStates
271,48043.0,Brewster,Texas,Brewster_Texas_UnitedStates
272,48045.0,Briscoe,Texas,Briscoe_Texas_UnitedStates
273,2060.0,BristolBay,Alaska,BristolBay_Alaska_UnitedStates
277,30007.0,Broadwater,Montana,Broadwater_Montana_UnitedStates
280,46011.0,Brookings,SouthDakota,Brookings_SouthDakota_UnitedStates
282,48047.0,Brooks,Texas,Brooks_Texas_UnitedStates
286,17009.0,Brown,Illinois,Brown_Illinois_UnitedStates
288,20013.0,Brown,Kansas,Brown_Kansas_UnitedStates
290,31017.0,Brown,Nebraska,Brown_Nebraska_UnitedStates
292,46013.0,Brown,SouthDakota,Brown_SouthDakota_UnitedStates
293,48049.0,Brown,Texas,Brown_Texas_UnitedStates
295,46015.0,Brule,SouthDakota,Brule_SouthDakota_UnitedStates
297,51025.0,Brunswick,Virginia,Brunswick_Virginia_UnitedStates
300,19019.0,Buchanan,Iowa,Buchanan_Iowa_UnitedStates
302,51027.0,Buchanan,Virginia,Buchanan_Virginia_UnitedStates
305,19021.0,BuenaVista,Iowa,BuenaVista_Iowa_UnitedStates
306,51530.0,BuenaVista,Virginia,BuenaVista_Virginia_UnitedStates
308,46017.0,Buffalo,SouthDakota,Buffalo_SouthDakota_UnitedStates
309,55011.0,Buffalo,Wisconsin,Buffalo_Wisconsin_UnitedStates
312,1011.0,Bullock,Alabama,Bullock_Alabama_UnitedStates
314,17011.0,Bureau,Illinois,Bureau_Illinois_UnitedStates
317,38013.0,Burke,NorthDakota,Burke_NorthDakota_UnitedStates
321,48053.0,Burnet,Texas,Burnet_Texas_UnitedStates
322,55013.0,Burnett,Wisconsin,Burnett_Wisconsin_UnitedStates
323,31021.0,Burt,Nebraska,Burt_Nebraska_UnitedStates
324,1013.0,Butler,Alabama,Butler_Alabama_UnitedStates
325,19023.0,Butler,Iowa,Butler_Iowa_UnitedStates
328,29023.0,Butler,Missouri,Butler_Missouri_UnitedStates
329,31023.0,Butler,Nebraska,Butler_Nebraska_UnitedStates
333,16023.0,Butte,Idaho,Butte_Idaho_UnitedStates
334,46019.0,Butte,SouthDakota,Butte_SouthDakota_UnitedStates
340,40015.0,Caddo,Oklahoma,Caddo_Oklahoma_UnitedStates
341,6009.0,Calaveras,California,Calaveras_California_UnitedStates
343,21033.0,Caldwell,Kentucky,Caldwell_Kentucky_UnitedStates
344,22021.0,Caldwell,Louisiana,Caldwell_Louisiana_UnitedStates
348,50005.0,Caledonia,Vermont,Caledonia_Vermont_UnitedStates
350,5013.0,Calhoun,Arkansas,Calhoun_Arkansas_UnitedStates
351,12013.0,Calhoun,Florida,Calhoun_Florida_UnitedStates
352,13037.0,Calhoun,Georgia,Calhoun_Georgia_UnitedStates
354,19025.0,Calhoun,Iowa,Calhoun_Iowa_UnitedStates
356,28013.0,Calhoun,Mississippi,Calhoun_Mississippi_UnitedStates
359,54013.0,Calhoun,WestVirginia,Calhoun_WestVirginia_UnitedStates
362,21035.0,Calloway,Kentucky,Calloway_Kentucky_UnitedStates
365,16025.0,Camas,Idaho,Camas_Idaho_UnitedStates
368,29029.0,Camden,Missouri,Camden_Missouri_UnitedStates
372,42023.0,Cameron,Pennsylvania,Cameron_Pennsylvania_UnitedStates
374,48063.0,Camp,Texas,Camp_Texas_UnitedStates
376,46021.0,Campbell,SouthDakota,Campbell_SouthDakota_UnitedStates
379,56005.0,Campbell,Wyoming,Campbell_Wyoming_UnitedStates
381,13043.0,Candler,Georgia,Candler_Georgia_UnitedStates
389,49007.0,Carbon,Utah,Carbon_Utah_UnitedStates
390,56007.0,Carbon,Wyoming,Carbon_Wyoming_UnitedStates
391,16029.0,Caribou,Idaho,Caribou_Idaho_UnitedStates
392,21039.0,Carlisle,Kentucky,Carlisle_Kentucky_UnitedStates
394,24011.0,Caroline,Maryland,Caroline_Maryland_UnitedStates
396,5015.0,Carroll,Arkansas,Carroll_Arkansas_UnitedStates
398,17015.0,Carroll,Illinois,Carroll_Illinois_UnitedStates
400,19027.0,Carroll,Iowa,Carroll_Iowa_UnitedStates
401,21041.0,Carroll,Kentucky,Carroll_Kentucky_UnitedStates
403,28015.0,Carroll,Mississippi,Carroll_Mississippi_UnitedStates
404,29033.0,Carroll,Missouri,Carroll_Missouri_UnitedStates
405,33003.0,Carroll,NewHampshire,Carroll_NewHampshire_UnitedStates
407,47017.0,Carroll,Tennessee,Carroll_Tennessee_UnitedStates
408,51035.0,Carroll,Virginia,Carroll_Virginia_UnitedStates
411,21043.0,Carter,Kentucky,Carter_Kentucky_UnitedStates
412,29035.0,Carter,Missouri,Carter_Missouri_UnitedStates
413,30011.0,Carter,Montana,Carter_Montana_UnitedStates
414,40019.0,Carter,Oklahoma,Carter_Oklahoma_UnitedStates
419,21045.0,Casey,Kentucky,Casey_Kentucky_UnitedStates
420,17017.0,Cass,Illinois,Cass_Illinois_UnitedStates
422,19029.0,Cass,Iowa,Cass_Iowa_UnitedStates
424,27021.0,Cass,Minnesota,Cass_Minnesota_UnitedStates
428,48067.0,Cass,Texas,Cass_Texas_UnitedStates
429,16031.0,Cassia,Idaho,Cassia_Idaho_UnitedStates
430,48069.0,Castro,Texas,Castro_Texas_UnitedStates
431,37033.0,Caswell,NorthCarolina,Caswell_NorthCarolina_UnitedStates
432,22025.0,Catahoula,Louisiana,Catahoula_Louisiana_UnitedStates
435,35003.0,Catron,NewMexico,Catron_NewMexico_UnitedStates
437,38019.0,Cavalier,NorthDakota,Cavalier_NorthDakota_UnitedStates
440,19031.0,Cedar,Iowa,Cedar_Iowa_UnitedStates
441,29039.0,Cedar,Missouri,Cedar_Missouri_UnitedStates
442,31027.0,Cedar,Nebraska,Cedar_Nebraska_UnitedStates
444,19033.0,CerroGordo,Iowa,CerroGordo_Iowa_UnitedStates
445,8015.0,Chaffee,Colorado,Chaffee_Colorado_UnitedStates
450,29041.0,Chariton,Missouri,Chariton_Missouri_UnitedStates
452,46023.0,CharlesMix,SouthDakota,CharlesMix_SouthDakota_UnitedStates
455,26029.0,Charlevoix,Michigan,Charlevoix_Michigan_UnitedStates
457,51037.0,Charlotte,Virginia,Charlotte_Virginia_UnitedStates
459,13049.0,Charlton,Georgia,Charlton_Georgia_UnitedStates
460,20017.0,Chase,Kansas,Chase_Kansas_UnitedStates
461,31029.0,Chase,Nebraska,Chase_Nebraska_UnitedStates
464,13053.0,Chattahoochee,Georgia,Chattahoochee_Georgia_UnitedStates
466,20019.0,Chautauqua,Kansas,Chautauqua_Kansas_UnitedStates
468,35005.0,Chaves,NewMexico,Chaves_NewMexico_UnitedStates
470,26031.0,Cheboygan,Michigan,Cheboygan_Michigan_UnitedStates
473,36017.0,Chenango,NewYork,Chenango_NewYork_UnitedStates
474,1019.0,Cherokee,Alabama,Cherokee_Alabama_UnitedStates
476,19035.0,Cherokee,Iowa,Cherokee_Iowa_UnitedStates
477,20021.0,Cherokee,Kansas,Cherokee_Kansas_UnitedStates
478,37039.0,Cherokee,NorthCarolina,Cherokee_NorthCarolina_UnitedStates
482,31031.0,Cherry,Nebraska,Cherry_Nebraska_UnitedStates
488,45025.0,Chesterfield,SouthCarolina,Chesterfield_SouthCarolina_UnitedStates
490,8017.0,Cheyenne,Colorado,Cheyenne_Colorado_UnitedStates
491,20023.0,Cheyenne,Kansas,Cheyenne_Kansas_UnitedStates
492,31033.0,Cheyenne,Nebraska,Cheyenne_Nebraska_UnitedStates
493,19037.0,Chickasaw,Iowa,Chickasaw_Iowa_UnitedStates
494,28017.0,Chickasaw,Mississippi,Chickasaw_Mississippi_UnitedStates
495,5017.0,Chicot,Arkansas,Chicot_Arkansas_UnitedStates
496,48075.0,Childress,Texas,Childress_Texas_UnitedStates
498,26033.0,Chippewa,Michigan,Chippewa_Michigan_UnitedStates
499,27023.0,Chippewa,Minnesota,Chippewa_Minnesota_UnitedStates
503,1023.0,Choctaw,Alabama,Choctaw_Alabama_UnitedStates
504,28019.0,Choctaw,Mississippi,Choctaw_Mississippi_UnitedStates
505,40023.0,Choctaw,Oklahoma,Choctaw_Oklahoma_UnitedStates
506,30015.0,Chouteau,Montana,Chouteau_Montana_UnitedStates
507,37041.0,Chowan,NorthCarolina,Chowan_NorthCarolina_UnitedStates
513,40025.0,Cimarron,Oklahoma,Cimarron_Oklahoma_UnitedStates
516,22027.0,Claiborne,Louisiana,Claiborne_Louisiana_UnitedStates
517,28021.0,Claiborne,Mississippi,Claiborne_Mississippi_UnitedStates
518,47025.0,Claiborne,Tennessee,Claiborne_Tennessee_UnitedStates
519,53009.0,Clallam,Washington,Clallam_Washington_UnitedStates
520,26035.0,Clare,Michigan,Clare_Michigan_UnitedStates
521,45027.0,Clarendon,SouthCarolina,Clarendon_SouthCarolina_UnitedStates
522,42031.0,Clarion,Pennsylvania,Clarion_Pennsylvania_UnitedStates
523,5019.0,Clark,Arkansas,Clark_Arkansas_UnitedStates
524,16033.0,Clark,Idaho,Clark_Idaho_UnitedStates
525,17023.0,Clark,Illinois,Clark_Illinois_UnitedStates
527,20025.0,Clark,Kansas,Clark_Kansas_UnitedStates
529,29045.0,Clark,Missouri,Clark_Missouri_UnitedStates
532,46025.0,Clark,SouthDakota,Clark_SouthDakota_UnitedStates
534,55019.0,Clark,Wisconsin,Clark_Wisconsin_UnitedStates
535,1025.0,Clarke,Alabama,Clarke_Alabama_UnitedStates
537,19039.0,Clarke,Iowa,Clarke_Iowa_UnitedStates
538,28023.0,Clarke,Mississippi,Clarke_Mississippi_UnitedStates
541,1027.0,Clay,Alabama,Clay_Alabama_UnitedStates
542,5021.0,Clay,Arkansas,Clay_Arkansas_UnitedStates
544,13061.0,Clay,Georgia,Clay_Georgia_UnitedStates
545,17025.0,Clay,Illinois,Clay_Illinois_UnitedStates
547,19041.0,Clay,Iowa,Clay_Iowa_UnitedStates
548,20027.0,Clay,Kansas,Clay_Kansas_UnitedStates
549,21051.0,Clay,Kentucky,Clay_Kentucky_UnitedStates
551,28025.0,Clay,Mississippi,Clay_Mississippi_UnitedStates
553,31035.0,Clay,Nebraska,Clay_Nebraska_UnitedStates
554,37043.0,Clay,NorthCarolina,Clay_NorthCarolina_UnitedStates
556,47027.0,Clay,Tennessee,Clay_Tennessee_UnitedStates
560,19043.0,Clayton,Iowa,Clayton_Iowa_UnitedStates
563,16035.0,Clearwater,Idaho,Clearwater_Idaho_UnitedStates
564,27029.0,Clearwater,Minnesota,Clearwater_Minnesota_UnitedStates
565,1029.0,Cleburne,Alabama,Cleburne_Alabama_UnitedStates
566,5023.0,Cleburne,Arkansas,Cleburne_Arkansas_UnitedStates
571,13065.0,Clinch,Georgia,Clinch_Georgia_UnitedStates
575,21053.0,Clinton,Kentucky,Clinton_Kentucky_UnitedStates
578,36019.0,Clinton,NewYork,Clinton_NewYork_UnitedStates
581,20029.0,Cloud,Kansas,Cloud_Kansas_UnitedStates
582,28027.0,Coahoma,Mississippi,Coahoma_Mississippi_UnitedStates
583,40029.0,Coal,Oklahoma,Coal_Oklahoma_UnitedStates
586,48079.0,Cochran,Texas,Cochran_Texas_UnitedStates
589,46029.0,Codington,SouthDakota,Codington_SouthDakota_UnitedStates
591,13069.0,Coffee,Georgia,Coffee_Georgia_UnitedStates
593,20031.0,Coffey,Kansas,Coffey_Kansas_UnitedStates
594,48081.0,Coke,Texas,Coke_Texas_UnitedStates
597,48083.0,Coleman,Texas,Coleman_Texas_UnitedStates
598,17029.0,Coles,Illinois,Coles_Illinois_UnitedStates
599,31037.0,Colfax,Nebraska,Colfax_Nebraska_UnitedStates
600,35007.0,Colfax,NewMexico,Colfax_NewMexico_UnitedStates
601,45029.0,Colleton,SouthCarolina,Colleton_SouthCarolina_UnitedStates
604,48087.0,Collingsworth,Texas,Collingsworth_Texas_UnitedStates
606,48089.0,Colorado,Texas,Colorado_Texas_UnitedStates
608,5027.0,Columbia,Arkansas,Columbia_Arkansas_UnitedStates
617,37047.0,Columbus,NorthCarolina,Columbus_NorthCarolina_UnitedStates
618,6011.0,Colusa,California,Colusa_California_UnitedStates
620,20033.0,Comanche,Kansas,Comanche_Kansas_UnitedStates
622,48093.0,Comanche,Texas,Comanche_Texas_UnitedStates
623,48095.0,Concho,Texas,Concho_Texas_UnitedStates
624,22029.0,Concordia,Louisiana,Concordia_Louisiana_UnitedStates
625,1035.0,Conecuh,Alabama,Conecuh_Alabama_UnitedStates
626,8021.0,Conejos,Colorado,Conejos_Colorado_UnitedStates
628,56009.0,Converse,Wyoming,Converse_Wyoming_UnitedStates
629,5029.0,Conway,Arkansas,Conway_Arkansas_UnitedStates
630,13075.0,Cook,Georgia,Cook_Georgia_UnitedStates
632,27031.0,Cook,Minnesota,Cook_Minnesota_UnitedStates
634,29053.0,Cooper,Missouri,Cooper_Missouri_UnitedStates
635,33007.0,Coos,NewHampshire,Coos_NewHampshire_UnitedStates
636,41011.0,Coos,Oregon,Coos_Oregon_UnitedStates
639,46031.0,Corson,SouthDakota,Corson_SouthDakota_UnitedStates
643,8023.0,Costilla,Colorado,Costilla_Colorado_UnitedStates
644,48101.0,Cottle,Texas,Cottle_Texas_UnitedStates
646,27033.0,Cottonwood,Minnesota,Cottonwood_Minnesota_UnitedStates
647,1039.0,Covington,Alabama,Covington_Alabama_UnitedStates
648,28031.0,Covington,Mississippi,Covington_Mississippi_UnitedStates
649,51580.0,Covington,Virginia,Covington_Virginia_UnitedStates
653,40035.0,Craig,Oklahoma,Craig_Oklahoma_UnitedStates
656,48103.0,Crane,Texas,Crane_Texas_UnitedStates
660,17033.0,Crawford,Illinois,Crawford_Illinois_UnitedStates
661,18025.0,Crawford,Indiana,Crawford_Indiana_UnitedStates
662,19047.0,Crawford,Iowa,Crawford_Iowa_UnitedStates
664,26039.0,Crawford,Michigan,Crawford_Michigan_UnitedStates
665,29055.0,Crawford,Missouri,Crawford_Missouri_UnitedStates
668,55023.0,Crawford,Wisconsin,Crawford_Wisconsin_UnitedStates
670,1041.0,Crenshaw,Alabama,Crenshaw_Alabama_UnitedStates
673,21055.0,Crittenden,Kentucky,Crittenden_Kentucky_UnitedStates
675,48105.0,Crockett,Texas,Crockett_Texas_UnitedStates
677,56011.0,Crook,Wyoming,Crook_Wyoming_UnitedStates
678,48107.0,Crosby,Texas,Crosby_Texas_UnitedStates
679,5037.0,Cross,Arkansas,Cross_Arkansas_UnitedStates
681,8025.0,Crowley,Colorado,Crowley_Colorado_UnitedStates
682,48109.0,Culberson,Texas,Culberson_Texas_UnitedStates
685,17035.0,Cumberland,Illinois,Cumberland_Illinois_UnitedStates
686,21057.0,Cumberland,Kentucky,Cumberland_Kentucky_UnitedStates
692,51049.0,Cumberland,Virginia,Cumberland_Virginia_UnitedStates
693,31039.0,Cuming,Nebraska,Cuming_Nebraska_UnitedStates
695,35009.0,Curry,NewMexico,Curry_NewMexico_UnitedStates
696,41015.0,Curry,Oregon,Curry_Oregon_UnitedStates
697,8027.0,Custer,Colorado,Custer_Colorado_UnitedStates
698,16037.0,Custer,Idaho,Custer_Idaho_UnitedStates
699,30017.0,Custer,Montana,Custer_Montana_UnitedStates
700,31041.0,Custer,Nebraska,Custer_Nebraska_UnitedStates
701,40039.0,Custer,Oklahoma,Custer_Oklahoma_UnitedStates
705,29057.0,Dade,Missouri,Dade_Missouri_UnitedStates
706,49009.0,Daggett,Utah,Daggett_Utah_UnitedStates
710,48111.0,Dallam,Texas,Dallam_Texas_UnitedStates
712,5039.0,Dallas,Arkansas,Dallas_Arkansas_UnitedStates
717,30019.0,Daniels,Montana,Daniels_Montana_UnitedStates
726,18027.0,Daviess,Indiana,Daviess_Indiana_UnitedStates
728,29061.0,Daviess,Missouri,Daviess_Missouri_UnitedStates
729,19051.0,Davis,Iowa,Davis_Iowa_UnitedStates
731,46035.0,Davison,SouthDakota,Davison_SouthDakota_UnitedStates
732,31045.0,Dawes,Nebraska,Dawes_Nebraska_UnitedStates
734,30021.0,Dawson,Montana,Dawson_Montana_UnitedStates
735,31047.0,Dawson,Nebraska,Dawson_Nebraska_UnitedStates
736,48115.0,Dawson,Texas,Dawson_Texas_UnitedStates
737,46037.0,Day,SouthDakota,Day_SouthDakota_UnitedStates
738,35011.0,DeBaca,NewMexico,DeBaca_NewMexico_UnitedStates
739,1049.0,DeKalb,Alabama,DeKalb_Alabama_UnitedStates
744,47041.0,DeKalb,Tennessee,DeKalb_Tennessee_UnitedStates
749,48123.0,DeWitt,Texas,DeWitt_Texas_UnitedStates
754,19053.0,Decatur,Iowa,Decatur_Iowa_UnitedStates
755,20039.0,Decatur,Kansas,Decatur_Kansas_UnitedStates
756,47039.0,Decatur,Tennessee,Decatur_Tennessee_UnitedStates
757,30023.0,DeerLodge,Montana,DeerLodge_Montana_UnitedStates
759,6015.0,DelNorte,California,DelNorte_California_UnitedStates
761,19055.0,Delaware,Iowa,Delaware_Iowa_UnitedStates
762,36025.0,Delaware,NewYork,Delaware_NewYork_UnitedStates
764,40041.0,Delaware,Oklahoma,Delaware_Oklahoma_UnitedStates
766,8029.0,Delta,Colorado,Delta_Colorado_UnitedStates
767,26041.0,Delta,Michigan,Delta_Michigan_UnitedStates
768,48119.0,Delta,Texas,Delta_Texas_UnitedStates
769,2068.0,Denali,Alaska,Denali_Alaska_UnitedStates
770,29065.0,Dent,Missouri,Dent_Missouri_UnitedStates
773,19057.0,DesMoines,Iowa,DesMoines_Iowa_UnitedStates
775,5041.0,Desha,Arkansas,Desha_Arkansas_UnitedStates
776,31049.0,Deuel,Nebraska,Deuel_Nebraska_UnitedStates
777,46039.0,Deuel,SouthDakota,Deuel_SouthDakota_UnitedStates
778,40043.0,Dewey,Oklahoma,Dewey_Oklahoma_UnitedStates
779,46041.0,Dewey,SouthDakota,Dewey_SouthDakota_UnitedStates
780,48125.0,Dickens,Texas,Dickens_Texas_UnitedStates
781,51051.0,Dickenson,Virginia,Dickenson_Virginia_UnitedStates
782,38021.0,Dickey,NorthDakota,Dickey_NorthDakota_UnitedStates
783,19059.0,Dickinson,Iowa,Dickinson_Iowa_UnitedStates
784,20041.0,Dickinson,Kansas,Dickinson_Kansas_UnitedStates
785,26043.0,Dickinson,Michigan,Dickinson_Michigan_UnitedStates
787,2070.0,Dillingham,Alaska,Dillingham_Alaska_UnitedStates
788,45033.0,Dillon,SouthCarolina,Dillon_SouthCarolina_UnitedStates
789,48127.0,Dimmit,Texas,Dimmit_Texas_UnitedStates
792,38023.0,Divide,NorthDakota,Divide_NorthDakota_UnitedStates
793,12029.0,Dixie,Florida,Dixie_Florida_UnitedStates
794,31051.0,Dixon,Nebraska,Dixon_Nebraska_UnitedStates
795,54017.0,Doddridge,WestVirginia,Doddridge_WestVirginia_UnitedStates
796,13091.0,Dodge,Georgia,Dodge_Georgia_UnitedStates
800,8033.0,Dolores,Colorado,Dolores_Colorado_UnitedStates
803,48129.0,Donley,Texas,Donley_Texas_UnitedStates
804,13093.0,Dooly,Georgia,Dooly_Georgia_UnitedStates
805,55029.0,Door,Wisconsin,Door_Wisconsin_UnitedStates
811,17041.0,Douglas,Illinois,Douglas_Illinois_UnitedStates
814,29067.0,Douglas,Missouri,Douglas_Missouri_UnitedStates
818,46043.0,Douglas,SouthDakota,Douglas_SouthDakota_UnitedStates
822,5043.0,Drew,Arkansas,Drew_Arkansas_UnitedStates
824,18037.0,Dubois,Indiana,Dubois_Indiana_UnitedStates
826,49013.0,Duchesne,Utah,Duchesne_Utah_UnitedStates
829,25007.0,Dukes,Massachusetts,Dukes_Massachusetts_UnitedStates
830,31057.0,Dundy,Nebraska,Dundy_Nebraska_UnitedStates
831,29069.0,Dunklin,Missouri,Dunklin_Missouri_UnitedStates
832,38025.0,Dunn,NorthDakota,Dunn_NorthDakota_UnitedStates
834,37061.0,Duplin,NorthCarolina,Duplin_NorthCarolina_UnitedStates
838,48131.0,Duval,Texas,Duval_Texas_UnitedStates
839,47045.0,Dyer,Tennessee,Dyer_Tennessee_UnitedStates
840,8037.0,Eagle,Colorado,Eagle_Colorado_UnitedStates
841,13099.0,Early,Georgia,Early_Georgia_UnitedStates
843,22035.0,EastCarroll,Louisiana,EastCarroll_Louisiana_UnitedStates
845,48133.0,Eastland,Texas,Eastland_Texas_UnitedStates
848,13101.0,Echols,Georgia,Echols_Georgia_UnitedStates
850,35015.0,Eddy,NewMexico,Eddy_NewMexico_UnitedStates
851,38027.0,Eddy,NorthDakota,Eddy_NorthDakota_UnitedStates
852,17045.0,Edgar,Illinois,Edgar_Illinois_UnitedStates
856,46045.0,Edmunds,SouthDakota,Edmunds_SouthDakota_UnitedStates
857,17047.0,Edwards,Illinois,Edwards_Illinois_UnitedStates
858,20047.0,Edwards,Kansas,Edwards_Kansas_UnitedStates
859,48137.0,Edwards,Texas,Edwards_Texas_UnitedStates
861,17049.0,Effingham,Illinois,Effingham_Illinois_UnitedStates
866,13105.0,Elbert,Georgia,Elbert_Georgia_UnitedStates
867,20049.0,Elk,Kansas,Elk_Kansas_UnitedStates
868,42047.0,Elk,Pennsylvania,Elk_Pennsylvania_UnitedStates
870,32007.0,Elko,Nevada,Elko_Nevada_UnitedStates
871,21063.0,Elliott,Kentucky,Elliott_Kentucky_UnitedStates
872,20051.0,Ellis,Kansas,Ellis_Kansas_UnitedStates
873,40045.0,Ellis,Oklahoma,Ellis_Oklahoma_UnitedStates
875,20053.0,Ellsworth,Kansas,Ellsworth_Kansas_UnitedStates
878,13107.0,Emanuel,Georgia,Emanuel_Georgia_UnitedStates
879,49015.0,Emery,Utah,Emery_Utah_UnitedStates
880,19063.0,Emmet,Iowa,Emmet_Iowa_UnitedStates
881,26047.0,Emmet,Michigan,Emmet_Michigan_UnitedStates
882,38029.0,Emmons,NorthDakota,Emmons_NorthDakota_UnitedStates
883,51595.0,Emporia,Virginia,Emporia_Virginia_UnitedStates
888,1053.0,Escambia,Alabama,Escambia_Alabama_UnitedStates
890,32009.0,Esmeralda,Nevada,Esmeralda_Nevada_UnitedStates
893,36031.0,Essex,NewYork,Essex_NewYork_UnitedStates
894,50009.0,Essex,Vermont,Essex_Vermont_UnitedStates
895,51057.0,Essex,Virginia,Essex_Virginia_UnitedStates
896,21065.0,Estill,Kentucky,Estill_Kentucky_UnitedStates
898,32011.0,Eureka,Nevada,Eureka_Nevada_UnitedStates
899,22039.0,Evangeline,Louisiana,Evangeline_Louisiana_UnitedStates
900,13109.0,Evans,Georgia,Evans_Georgia_UnitedStates
907,46047.0,FallRiver,SouthDakota,FallRiver_SouthDakota_UnitedStates
908,30025.0,Fallon,Montana,Fallon_Montana_UnitedStates
911,13111.0,Fannin,Georgia,Fannin_Georgia_UnitedStates
912,48147.0,Fannin,Texas,Fannin_Texas_UnitedStates
913,27043.0,Faribault,Minnesota,Faribault_Minnesota_UnitedStates
914,46049.0,Faulk,SouthDakota,Faulk_SouthDakota_UnitedStates
917,1057.0,Fayette,Alabama,Fayette_Alabama_UnitedStates
919,17051.0,Fayette,Illinois,Fayette_Illinois_UnitedStates
921,19065.0,Fayette,Iowa,Fayette_Iowa_UnitedStates
926,48149.0,Fayette,Texas,Fayette_Texas_UnitedStates
928,47049.0,Fentress,Tennessee,Fentress_Tennessee_UnitedStates
929,30027.0,Fergus,Montana,Fergus_Montana_UnitedStates
930,53019.0,Ferry,Washington,Ferry_Washington_UnitedStates
932,31059.0,Fillmore,Nebraska,Fillmore_Nebraska_UnitedStates
933,20055.0,Finney,Kansas,Finney_Kansas_UnitedStates
934,48151.0,Fisher,Texas,Fisher_Texas_UnitedStates
936,30029.0,Flathead,Montana,Flathead_Montana_UnitedStates
937,21069.0,Fleming,Kentucky,Fleming_Kentucky_UnitedStates
939,55037.0,Florence,Wisconsin,Florence_Wisconsin_UnitedStates
942,19067.0,Floyd,Iowa,Floyd_Iowa_UnitedStates
943,21071.0,Floyd,Kentucky,Floyd_Kentucky_UnitedStates
944,48153.0,Floyd,Texas,Floyd_Texas_UnitedStates
947,48155.0,Foard,Texas,Foard_Texas_UnitedStates
950,20057.0,Ford,Kansas,Ford_Kansas_UnitedStates
951,42053.0,Forest,Pennsylvania,Forest_Pennsylvania_UnitedStates
952,55041.0,Forest,Wisconsin,Forest_Wisconsin_UnitedStates
957,38031.0,Foster,NorthDakota,Foster_NorthDakota_UnitedStates
958,18045.0,Fountain,Indiana,Fountain_Indiana_UnitedStates
959,51620.0,FranklinCity,Virginia,FranklinCity_Virginia_UnitedStates
960,1059.0,Franklin,Alabama,Franklin_Alabama_UnitedStates
961,5047.0,Franklin,Arkansas,Franklin_Arkansas_UnitedStates
962,12037.0,Franklin,Florida,Franklin_Florida_UnitedStates
963,13119.0,Franklin,Georgia,Franklin_Georgia_UnitedStates
965,17055.0,Franklin,Illinois,Franklin_Illinois_UnitedStates
966,18047.0,Franklin,Indiana,Franklin_Indiana_UnitedStates
967,19069.0,Franklin,Iowa,Franklin_Iowa_UnitedStates
970,22041.0,Franklin,Louisiana,Franklin_Louisiana_UnitedStates
971,23007.0,Franklin,Maine,Franklin_Maine_UnitedStates
973,28037.0,Franklin,Mississippi,Franklin_Mississippi_UnitedStates
975,31061.0,Franklin,Nebraska,Franklin_Nebraska_UnitedStates
976,36033.0,Franklin,NewYork,Franklin_NewYork_UnitedStates
981,48159.0,Franklin,Texas,Franklin_Texas_UnitedStates
988,27047.0,Freeborn,Minnesota,Freeborn_Minnesota_UnitedStates
989,48161.0,Freestone,Texas,Freestone_Texas_UnitedStates
992,19071.0,Fremont,Iowa,Fremont_Iowa_UnitedStates
993,56013.0,Fremont,Wyoming,Fremont_Wyoming_UnitedStates
995,48163.0,Frio,Texas,Frio_Texas_UnitedStates
996,31063.0,Frontier,Nebraska,Frontier_Nebraska_UnitedStates
997,5049.0,Fulton,Arkansas,Fulton_Arkansas_UnitedStates
1000,18049.0,Fulton,Indiana,Fulton_Indiana_UnitedStates
1001,21075.0,Fulton,Kentucky,Fulton_Kentucky_UnitedStates
1004,42057.0,Fulton,Pennsylvania,Fulton_Pennsylvania_UnitedStates
1005,31065.0,Furnas,Nebraska,Furnas_Nebraska_UnitedStates
1008,48165.0,Gaines,Texas,Gaines_Texas_UnitedStates
1009,51640.0,Galax,Virginia,Galax_Virginia_UnitedStates
1010,17059.0,Gallatin,Illinois,Gallatin_Illinois_UnitedStates
1012,30031.0,Gallatin,Montana,Gallatin_Montana_UnitedStates
1015,31069.0,Garden,Nebraska,Garden_Nebraska_UnitedStates
1016,8045.0,Garfield,Colorado,Garfield_Colorado_UnitedStates
1017,30033.0,Garfield,Montana,Garfield_Montana_UnitedStates
1018,31071.0,Garfield,Nebraska,Garfield_Nebraska_UnitedStates
1019,40047.0,Garfield,Oklahoma,Garfield_Oklahoma_UnitedStates
1020,49017.0,Garfield,Utah,Garfield_Utah_UnitedStates
1021,53023.0,Garfield,Washington,Garfield_Washington_UnitedStates
1023,21079.0,Garrard,Kentucky,Garrard_Kentucky_UnitedStates
1024,24023.0,Garrett,Maryland,Garrett_Maryland_UnitedStates
1025,40049.0,Garvin,Oklahoma,Garvin_Oklahoma_UnitedStates
1026,48169.0,Garza,Texas,Garza_Texas_UnitedStates
1027,29073.0,Gasconade,Missouri,Gasconade_Missouri_UnitedStates
1036,29075.0,Gentry,Missouri,Gentry_Missouri_UnitedStates
1037,28039.0,George,Mississippi,George_Mississippi_UnitedStates
1039,18051.0,Gibson,Indiana,Gibson_Indiana_UnitedStates
1040,47053.0,Gibson,Tennessee,Gibson_Tennessee_UnitedStates
1043,47055.0,Giles,Tennessee,Giles_Tennessee_UnitedStates
1045,48171.0,Gillespie,Texas,Gillespie_Texas_UnitedStates
1046,41021.0,Gilliam,Oregon,Gilliam_Oregon_UnitedStates
1047,13123.0,Gilmer,Georgia,Gilmer_Georgia_UnitedStates
1048,54021.0,Gilmer,WestVirginia,Gilmer_WestVirginia_UnitedStates
1050,30035.0,Glacier,Montana,Glacier_Montana_UnitedStates
1051,12043.0,Glades,Florida,Glades_Florida_UnitedStates
1052,26051.0,Gladwin,Michigan,Gladwin_Michigan_UnitedStates
1053,13125.0,Glascock,Georgia,Glascock_Georgia_UnitedStates
1054,48173.0,Glasscock,Texas,Glasscock_Texas_UnitedStates
1055,6021.0,Glenn,California,Glenn_California_UnitedStates
1059,26053.0,Gogebic,Michigan,Gogebic_Michigan_UnitedStates
1060,30037.0,GoldenValley,Montana,GoldenValley_Montana_UnitedStates
1061,38033.0,GoldenValley,NorthDakota,GoldenValley_NorthDakota_UnitedStates
1063,48177.0,Gonzales,Texas,Gonzales_Texas_UnitedStates
1066,16047.0,Gooding,Idaho,Gooding_Idaho_UnitedStates
1068,56015.0,Goshen,Wyoming,Goshen_Wyoming_UnitedStates
1069,31073.0,Gosper,Nebraska,Gosper_Nebraska_UnitedStates
1070,20063.0,Gove,Kansas,Gove_Kansas_UnitedStates
1071,13131.0,Grady,Georgia,Grady_Georgia_UnitedStates
1073,33009.0,Grafton,NewHampshire,Grafton_NewHampshire_UnitedStates
1074,4009.0,Graham,Arizona,Graham_Arizona_UnitedStates
1075,20065.0,Graham,Kansas,Graham_Kansas_UnitedStates
1076,37075.0,Graham,NorthCarolina,Graham_NorthCarolina_UnitedStates
1080,26055.0,GrandTraverse,Michigan,GrandTraverse_Michigan_UnitedStates
1081,8049.0,Grand,Colorado,Grand_Colorado_UnitedStates
1082,49019.0,Grand,Utah,Grand_Utah_UnitedStates
1083,30039.0,Granite,Montana,Granite_Montana_UnitedStates
1086,20067.0,Grant,Kansas,Grant_Kansas_UnitedStates
1089,27051.0,Grant,Minnesota,Grant_Minnesota_UnitedStates
1090,31075.0,Grant,Nebraska,Grant_Nebraska_UnitedStates
1091,35017.0,Grant,NewMexico,Grant_NewMexico_UnitedStates
1092,38037.0,Grant,NorthDakota,Grant_NorthDakota_UnitedStates
1093,40053.0,Grant,Oklahoma,Grant_Oklahoma_UnitedStates
1094,41023.0,Grant,Oregon,Grant_Oregon_UnitedStates
1095,46051.0,Grant,SouthDakota,Grant_SouthDakota_UnitedStates
1096,53025.0,Grant,Washington,Grant_Washington_UnitedStates
1097,54023.0,Grant,WestVirginia,Grant_WestVirginia_UnitedStates
1101,21083.0,Graves,Kentucky,Graves_Kentucky_UnitedStates
1102,20069.0,Gray,Kansas,Gray_Kansas_UnitedStates
1105,21085.0,Grayson,Kentucky,Grayson_Kentucky_UnitedStates
1107,51077.0,Grayson,Virginia,Grayson_Virginia_UnitedStates
1108,20071.0,Greeley,Kansas,Greeley_Kansas_UnitedStates
1109,31077.0,Greeley,Nebraska,Greeley_Nebraska_UnitedStates
1110,55047.0,GreenLake,Wisconsin,GreenLake_Wisconsin_UnitedStates
1111,21087.0,Green,Kentucky,Green_Kentucky_UnitedStates
1113,54025.0,Greenbrier,WestVirginia,Greenbrier_WestVirginia_UnitedStates
1114,1063.0,Greene,Alabama,Greene_Alabama_UnitedStates
1116,13133.0,Greene,Georgia,Greene_Georgia_UnitedStates
1117,17061.0,Greene,Illinois,Greene_Illinois_UnitedStates
1118,18055.0,Greene,Indiana,Greene_Indiana_UnitedStates
1119,19073.0,Greene,Iowa,Greene_Iowa_UnitedStates
1120,28041.0,Greene,Mississippi,Greene_Mississippi_UnitedStates
1122,36039.0,Greene,NewYork,Greene_NewYork_UnitedStates
1123,37079.0,Greene,NorthCarolina,Greene_NorthCarolina_UnitedStates
1125,42059.0,Greene,Pennsylvania,Greene_Pennsylvania_UnitedStates
1128,4011.0,Greenlee,Arizona,Greenlee_Arizona_UnitedStates
1129,51081.0,Greensville,Virginia,Greensville_Virginia_UnitedStates
1132,20073.0,Greenwood,Kansas,Greenwood_Kansas_UnitedStates
1134,40055.0,Greer,Oklahoma,Greer_Oklahoma_UnitedStates
1136,46053.0,Gregory,SouthDakota,Gregory_SouthDakota_UnitedStates
1137,28043.0,Grenada,Mississippi,Grenada_Mississippi_UnitedStates
1138,38039.0,Griggs,NorthDakota,Griggs_NorthDakota_UnitedStates
1139,48185.0,Grimes,Texas,Grimes_Texas_UnitedStates
1142,29079.0,Grundy,Missouri,Grundy_Missouri_UnitedStates
1143,47061.0,Grundy,Tennessee,Grundy_Tennessee_UnitedStates
1144,35019.0,Guadalupe,NewMexico,Guadalupe_NewMexico_UnitedStates
1149,8051.0,Gunnison,Colorado,Gunnison_Colorado_UnitedStates
1152,46055.0,Haakon,SouthDakota,Haakon_SouthDakota_UnitedStates
1154,2100.0,Haines,Alaska,Haines_Alaska_UnitedStates
1158,51083.0,Halifax,Virginia,Halifax_Virginia_UnitedStates
1161,48191.0,Hall,Texas,Hall_Texas_UnitedStates
1163,12047.0,Hamilton,Florida,Hamilton_Florida_UnitedStates
1164,17065.0,Hamilton,Illinois,Hamilton_Illinois_UnitedStates
1166,19079.0,Hamilton,Iowa,Hamilton_Iowa_UnitedStates
1167,20075.0,Hamilton,Kansas,Hamilton_Kansas_UnitedStates
1169,36041.0,Hamilton,NewYork,Hamilton_NewYork_UnitedStates
1172,48193.0,Hamilton,Texas,Hamilton_Texas_UnitedStates
1173,46057.0,Hamlin,SouthDakota,Hamlin_SouthDakota_UnitedStates
1177,45049.0,Hampton,SouthCarolina,Hampton_SouthCarolina_UnitedStates
1179,13141.0,Hancock,Georgia,Hancock_Georgia_UnitedStates
1180,17067.0,Hancock,Illinois,Hancock_Illinois_UnitedStates
1182,19081.0,Hancock,Iowa,Hancock_Iowa_UnitedStates
1184,23009.0,Hancock,Maine,Hancock_Maine_UnitedStates
1187,47067.0,Hancock,Tennessee,Hancock_Tennessee_UnitedStates
1189,46059.0,Hand,SouthDakota,Hand_SouthDakota_UnitedStates
1191,48195.0,Hansford,Texas,Hansford_Texas_UnitedStates
1192,46061.0,Hanson,SouthDakota,Hanson_SouthDakota_UnitedStates
1195,47069.0,Hardeman,Tennessee,Hardeman_Tennessee_UnitedStates
1196,48197.0,Hardeman,Texas,Hardeman_Texas_UnitedStates
1197,17069.0,Hardin,Illinois,Hardin_Illinois_UnitedStates
1198,19083.0,Hardin,Iowa,Hardin_Iowa_UnitedStates
1200,39065.0,Hardin,Ohio,Hardin_Ohio_UnitedStates
1201,47071.0,Hardin,Tennessee,Hardin_Tennessee_UnitedStates
1203,35021.0,Harding,NewMexico,Harding_NewMexico_UnitedStates
1204,46063.0,Harding,SouthDakota,Harding_SouthDakota_UnitedStates
1205,54031.0,Hardy,WestVirginia,Hardy_WestVirginia_UnitedStates
1207,21095.0,Harlan,Kentucky,Harlan_Kentucky_UnitedStates
1208,31083.0,Harlan,Nebraska,Harlan_Nebraska_UnitedStates
1209,40057.0,Harmon,Oklahoma,Harmon_Oklahoma_UnitedStates
1211,41025.0,Harney,Oregon,Harney_Oregon_UnitedStates
1212,20077.0,Harper,Kansas,Harper_Kansas_UnitedStates
1213,40059.0,Harper,Oklahoma,Harper_Oklahoma_UnitedStates
1218,21097.0,Harrison,Kentucky,Harrison_Kentucky_UnitedStates
1220,29081.0,Harrison,Missouri,Harrison_Missouri_UnitedStates
1221,39067.0,Harrison,Ohio,Harrison_Ohio_UnitedStates
1223,54033.0,Harrison,WestVirginia,Harrison_WestVirginia_UnitedStates
1225,13147.0,Hart,Georgia,Hart_Georgia_UnitedStates
1226,21099.0,Hart,Kentucky,Hart_Kentucky_UnitedStates
1228,48205.0,Hartley,Texas,Hartley_Texas_UnitedStates
1230,20081.0,Haskell,Kansas,Haskell_Kansas_UnitedStates
1231,40061.0,Haskell,Oklahoma,Haskell_Oklahoma_UnitedStates
1232,48207.0,Haskell,Texas,Haskell_Texas_UnitedStates
1233,15001.0,Hawaii,Hawaii,Hawaii_Hawaii_UnitedStates
1235,31085.0,Hayes,Nebraska,Hayes_Nebraska_UnitedStates
1238,47075.0,Haywood,Tennessee,Haywood_Tennessee_UnitedStates
1240,48211.0,Hemphill,Texas,Hemphill_Texas_UnitedStates
1241,5057.0,Hempstead,Arkansas,Hempstead_Arkansas_UnitedStates
1242,17071.0,Henderson,Illinois,Henderson_Illinois_UnitedStates
1245,47077.0,Henderson,Tennessee,Henderson_Tennessee_UnitedStates
1255,19087.0,Henry,Iowa,Henry_Iowa_UnitedStates
1257,29083.0,Henry,Missouri,Henry_Missouri_UnitedStates
1258,39069.0,Henry,Ohio,Henry_Ohio_UnitedStates
1259,47079.0,Henry,Tennessee,Henry_Tennessee_UnitedStates
1263,37091.0,Hertford,NorthCarolina,Hertford_NorthCarolina_UnitedStates
1264,38041.0,Hettinger,NorthDakota,Hettinger_NorthDakota_UnitedStates
1265,21105.0,Hickman,Kentucky,Hickman_Kentucky_UnitedStates
1267,29085.0,Hickory,Missouri,Hickory_Missouri_UnitedStates
1268,35023.0,Hidalgo,NewMexico,Hidalgo_NewMexico_UnitedStates
1270,39071.0,Highland,Ohio,Highland_Ohio_UnitedStates
1271,51091.0,Highland,Virginia,Highland_Virginia_UnitedStates
1273,30041.0,Hill,Montana,Hill_Montana_UnitedStates
1274,48217.0,Hill,Texas,Hill_Texas_UnitedStates
1279,8053.0,Hinsdale,Colorado,Hinsdale_Colorado_UnitedStates
1280,31087.0,Hitchcock,Nebraska,Hitchcock_Nebraska_UnitedStates
1283,20083.0,Hodgeman,Kansas,Hodgeman_Kansas_UnitedStates
1285,12059.0,Holmes,Florida,Holmes_Florida_UnitedStates
1286,28051.0,Holmes,Mississippi,Holmes_Mississippi_UnitedStates
1287,39075.0,Holmes,Ohio,Holmes_Ohio_UnitedStates
1288,29087.0,Holt,Missouri,Holt_Missouri_UnitedStates
1289,31089.0,Holt,Nebraska,Holt_Nebraska_UnitedStates
1293,31091.0,Hooker,Nebraska,Hooker_Nebraska_UnitedStates
1296,21107.0,Hopkins,Kentucky,Hopkins_Kentucky_UnitedStates
1300,56017.0,HotSprings,Wyoming,HotSprings_Wyoming_UnitedStates
1301,26061.0,Houghton,Michigan,Houghton_Michigan_UnitedStates
1305,47083.0,Houston,Tennessee,Houston_Tennessee_UnitedStates
1306,48225.0,Houston,Texas,Houston_Texas_UnitedStates
1307,5061.0,Howard,Arkansas,Howard_Arkansas_UnitedStates
1309,19089.0,Howard,Iowa,Howard_Iowa_UnitedStates
1311,29089.0,Howard,Missouri,Howard_Missouri_UnitedStates
1314,29091.0,Howell,Missouri,Howell_Missouri_UnitedStates
1315,27057.0,Hubbard,Minnesota,Hubbard_Minnesota_UnitedStates
1317,48229.0,Hudspeth,Texas,Hudspeth_Texas_UnitedStates
1318,8055.0,Huerfano,Colorado,Huerfano_Colorado_UnitedStates
1319,40063.0,Hughes,Oklahoma,Hughes_Oklahoma_UnitedStates
1320,46065.0,Hughes,SouthDakota,Hughes_SouthDakota_UnitedStates
1321,6023.0,Humboldt,California,Humboldt_California_UnitedStates
1322,19091.0,Humboldt,Iowa,Humboldt_Iowa_UnitedStates
1323,32013.0,Humboldt,Nevada,Humboldt_Nevada_UnitedStates
1324,28053.0,Humphreys,Mississippi,Humphreys_Mississippi_UnitedStates
1325,47085.0,Humphreys,Tennessee,Humphreys_Tennessee_UnitedStates
1330,26063.0,Huron,Michigan,Huron_Michigan_UnitedStates
1332,46067.0,Hutchinson,SouthDakota,Hutchinson_SouthDakota_UnitedStates
1334,37095.0,Hyde,NorthCarolina,Hyde_NorthCarolina_UnitedStates
1335,46069.0,Hyde,SouthDakota,Hyde_SouthDakota_UnitedStates
1338,19093.0,Ida,Iowa,Ida_Iowa_UnitedStates
1339,16049.0,Idaho,Idaho,Idaho_Idaho_UnitedStates
1341,5063.0,Independence,Arkansas,Independence_Arkansas_UnitedStates
1345,6027.0,Inyo,California,Inyo_California_UnitedStates
1347,26069.0,Iosco,Michigan,Iosco_Michigan_UnitedStates
1348,19095.0,Iowa,Iowa,Iowa_Iowa_UnitedStates
1351,48235.0,Irion,Texas,Irion_Texas_UnitedStates
1352,26071.0,Iron,Michigan,Iron_Michigan_UnitedStates
1353,29093.0,Iron,Missouri,Iron_Missouri_UnitedStates
1355,55051.0,Iron,Wisconsin,Iron_Wisconsin_UnitedStates
1356,17075.0,Iroquois,Illinois,Iroquois_Illinois_UnitedStates
1357,13155.0,Irwin,Georgia,Irwin_Georgia_UnitedStates
1362,28055.0,Issaquena,Mississippi,Issaquena_Mississippi_UnitedStates
1363,27061.0,Itasca,Minnesota,Itasca_Minnesota_UnitedStates
1364,28057.0,Itawamba,Mississippi,Itawamba_Mississippi_UnitedStates
1365,5065.0,Izard,Arkansas,Izard_Arkansas_UnitedStates
1366,48237.0,Jack,Texas,Jack_Texas_UnitedStates
1368,5067.0,Jackson,Arkansas,Jackson_Arkansas_UnitedStates
1369,8057.0,Jackson,Colorado,Jackson_Colorado_UnitedStates
1370,12063.0,Jackson,Florida,Jackson_Florida_UnitedStates
1374,19097.0,Jackson,Iowa,Jackson_Iowa_UnitedStates
1376,21109.0,Jackson,Kentucky,Jackson_Kentucky_UnitedStates
1377,22049.0,Jackson,Louisiana,Jackson_Louisiana_UnitedStates
1379,27063.0,Jackson,Minnesota,Jackson_Minnesota_UnitedStates
1383,39079.0,Jackson,Ohio,Jackson_Ohio_UnitedStates
1384,40065.0,Jackson,Oklahoma,Jackson_Oklahoma_UnitedStates
1386,46071.0,Jackson,SouthDakota,Jackson_SouthDakota_UnitedStates
1388,48239.0,Jackson,Texas,Jackson_Texas_UnitedStates
1389,54035.0,Jackson,WestVirginia,Jackson_WestVirginia_UnitedStates
1390,55053.0,Jackson,Wisconsin,Jackson_Wisconsin_UnitedStates
1393,17079.0,Jasper,Illinois,Jasper_Illinois_UnitedStates
1396,28061.0,Jasper,Mississippi,Jasper_Mississippi_UnitedStates
1399,48241.0,Jasper,Texas,Jasper_Texas_UnitedStates
1400,18075.0,Jay,Indiana,Jay_Indiana_UnitedStates
1401,13161.0,JeffDavis,Georgia,JeffDavis_Georgia_UnitedStates
1402,48243.0,JeffDavis,Texas,JeffDavis_Texas_UnitedStates
1403,22053.0,JeffersonDavis,Louisiana,JeffersonDavis_Louisiana_UnitedStates
1404,28065.0,JeffersonDavis,Mississippi,JeffersonDavis_Mississippi_UnitedStates
1409,13163.0,Jefferson,Georgia,Jefferson_Georgia_UnitedStates
1411,17081.0,Jefferson,Illinois,Jefferson_Illinois_UnitedStates
1413,19101.0,Jefferson,Iowa,Jefferson_Iowa_UnitedStates
1417,28063.0,Jefferson,Mississippi,Jefferson_Mississippi_UnitedStates
1419,30043.0,Jefferson,Montana,Jefferson_Montana_UnitedStates
1420,31095.0,Jefferson,Nebraska,Jefferson_Nebraska_UnitedStates
1423,40067.0,Jefferson,Oklahoma,Jefferson_Oklahoma_UnitedStates
1424,41031.0,Jefferson,Oregon,Jefferson_Oregon_UnitedStates
1425,42065.0,Jefferson,Pennsylvania,Jefferson_Pennsylvania_UnitedStates
1428,53031.0,Jefferson,Washington,Jefferson_Washington_UnitedStates
1431,13165.0,Jenkins,Georgia,Jenkins_Georgia_UnitedStates
1433,46073.0,Jerauld,SouthDakota,Jerauld_SouthDakota_UnitedStates
1434,16053.0,Jerome,Idaho,Jerome_Idaho_UnitedStates
1437,20089.0,Jewell,Kansas,Jewell_Kansas_UnitedStates
1438,48247.0,JimHogg,Texas,JimHogg_Texas_UnitedStates
1440,17085.0,JoDaviess,Illinois,JoDaviess_Illinois_UnitedStates
1441,5071.0,Johnson,Arkansas,Johnson_Arkansas_UnitedStates
1442,13167.0,Johnson,Georgia,Johnson_Georgia_UnitedStates
1443,17087.0,Johnson,Illinois,Johnson_Illinois_UnitedStates
1447,21115.0,Johnson,Kentucky,Johnson_Kentucky_UnitedStates
1449,31097.0,Johnson,Nebraska,Johnson_Nebraska_UnitedStates
1450,47091.0,Johnson,Tennessee,Johnson_Tennessee_UnitedStates
1452,56019.0,Johnson,Wyoming,Johnson_Wyoming_UnitedStates
1454,40069.0,Johnston,Oklahoma,Johnston_Oklahoma_UnitedStates
1459,46075.0,Jones,SouthDakota,Jones_SouthDakota_UnitedStates
1463,30045.0,JudithBasin,Montana,JudithBasin_Montana_UnitedStates
1464,2110.0,Juneau,Alaska,Juneau_Alaska_UnitedStates
1465,55057.0,Juneau,Wisconsin,Juneau_Wisconsin_UnitedStates
1466,42067.0,Juniata,Pennsylvania,Juniata_Pennsylvania_UnitedStates
1469,26079.0,Kalkaska,Michigan,Kalkaska_Michigan_UnitedStates
1470,27065.0,Kanabec,Minnesota,Kanabec_Minnesota_UnitedStates
1474,49025.0,Kane,Utah,Kane_Utah_UnitedStates
1476,48255.0,Karnes,Texas,Karnes_Texas_UnitedStates
1477,15007.0,Kauai,Hawaii,Kauai_Hawaii_UnitedStates
1479,40071.0,Kay,Oklahoma,Kay_Oklahoma_UnitedStates
1480,31099.0,Kearney,Nebraska,Kearney_Nebraska_UnitedStates
1481,20093.0,Kearny,Kansas,Kearny_Kansas_UnitedStates
1482,31101.0,Keith,Nebraska,Keith_Nebraska_UnitedStates
1483,28069.0,Kemper,Mississippi,Kemper_Mississippi_UnitedStates
1484,2122.0,KenaiPeninsula,Alaska,KenaiPeninsula_Alaska_UnitedStates
1487,48261.0,Kenedy,Texas,Kenedy_Texas_UnitedStates
1491,24029.0,Kent,Maryland,Kent_Maryland_UnitedStates
1494,48263.0,Kent,Texas,Kent_Texas_UnitedStates
1496,19107.0,Keokuk,Iowa,Keokuk_Iowa_UnitedStates
1500,2130.0,KetchikanGateway,Alaska,KetchikanGateway_Alaska_UnitedStates
1502,26083.0,Keweenaw,Michigan,Keweenaw_Michigan_UnitedStates
1503,31103.0,KeyaPaha,Nebraska,KeyaPaha_Nebraska_UnitedStates
1504,38043.0,Kidder,NorthDakota,Kidder_NorthDakota_UnitedStates
1505,31105.0,Kimball,Nebraska,Kimball_Nebraska_UnitedStates
1506,48267.0,Kimble,Texas,Kimble_Texas_UnitedStates
1507,51099.0,KingGeorge,Virginia,KingGeorge_Virginia_UnitedStates
1509,48269.0,King,Texas,King_Texas_UnitedStates
1511,51097.0,KingandQueen,Virginia,KingandQueen_Virginia_UnitedStates
1512,40073.0,Kingfisher,Oklahoma,Kingfisher_Oklahoma_UnitedStates
1516,46077.0,Kingsbury,SouthDakota,Kingsbury_SouthDakota_UnitedStates
1517,48271.0,Kinney,Texas,Kinney_Texas_UnitedStates
1518,8061.0,Kiowa,Colorado,Kiowa_Colorado_UnitedStates
1519,20097.0,Kiowa,Kansas,Kiowa_Kansas_UnitedStates
1520,40075.0,Kiowa,Oklahoma,Kiowa_Oklahoma_UnitedStates
1521,8063.0,KitCarson,Colorado,KitCarson_Colorado_UnitedStates
1524,27069.0,Kittson,Minnesota,Kittson_Minnesota_UnitedStates
1525,41035.0,Klamath,Oregon,Klamath_Oregon_UnitedStates
1527,53039.0,Klickitat,Washington,Klickitat_Washington_UnitedStates
1528,21119.0,Knott,Kentucky,Knott_Kentucky_UnitedStates
1530,18083.0,Knox,Indiana,Knox_Indiana_UnitedStates
1531,21121.0,Knox,Kentucky,Knox_Kentucky_UnitedStates
1532,23013.0,Knox,Maine,Knox_Maine_UnitedStates
1533,29103.0,Knox,Missouri,Knox_Missouri_UnitedStates
1534,31107.0,Knox,Nebraska,Knox_Nebraska_UnitedStates
1537,48275.0,Knox,Texas,Knox_Texas_UnitedStates
1538,2150.0,KodiakIsland,Alaska,KodiakIsland_Alaska_UnitedStates
1539,27071.0,Koochiching,Minnesota,Koochiching_Minnesota_UnitedStates
1542,19109.0,Kossuth,Iowa,Kossuth_Iowa_UnitedStates
1545,18087.0,LaGrange,Indiana,LaGrange_Indiana_UnitedStates
1546,38045.0,LaMoure,NorthDakota,LaMoure_NorthDakota_UnitedStates
1547,4012.0,LaPaz,Arizona,LaPaz_Arizona_UnitedStates
1551,22059.0,LaSalle,Louisiana,LaSalle_Louisiana_UnitedStates
1552,48283.0,LaSalle,Texas,LaSalle_Texas_UnitedStates
1553,20099.0,Labette,Kansas,Labette_Kansas_UnitedStates
1556,27073.0,LacquiParle,Minnesota,LacquiParle_Minnesota_UnitedStates
1557,5073.0,Lafayette,Arkansas,Lafayette_Arkansas_UnitedStates
1558,12067.0,Lafayette,Florida,Lafayette_Florida_UnitedStates
1562,55065.0,Lafayette,Wisconsin,Lafayette_Wisconsin_UnitedStates
1565,8065.0,Lake,Colorado,Lake_Colorado_UnitedStates
1569,26085.0,Lake,Michigan,Lake_Michigan_UnitedStates
1570,27075.0,Lake,Minnesota,Lake_Minnesota_UnitedStates
1571,30047.0,Lake,Montana,Lake_Montana_UnitedStates
1573,41037.0,Lake,Oregon,Lake_Oregon_UnitedStates
1574,46079.0,Lake,SouthDakota,Lake_SouthDakota_UnitedStates
1575,47095.0,Lake,Tennessee,Lake_Tennessee_UnitedStates
1576,2164.0,LakeandPeninsula,Alaska,LakeandPeninsula_Alaska_UnitedStates
1577,27077.0,LakeoftheWoods,Minnesota,LakeoftheWoods_Minnesota_UnitedStates
1578,1075.0,Lamar,Alabama,Lamar_Alabama_UnitedStates
1581,48277.0,Lamar,Texas,Lamar_Texas_UnitedStates
1582,48279.0,Lamb,Texas,Lamb_Texas_UnitedStates
1583,50015.0,Lamoille,Vermont,Lamoille_Vermont_UnitedStates
1588,51103.0,Lancaster,Virginia,Lancaster_Virginia_UnitedStates
1589,32015.0,Lander,Nevada,Lander_Nevada_UnitedStates
1590,20101.0,Lane,Kansas,Lane_Kansas_UnitedStates
1592,55067.0,Langlade,Wisconsin,Langlade_Wisconsin_UnitedStates
1598,8071.0,LasAnimas,Colorado,LasAnimas_Colorado_UnitedStates
1599,6035.0,Lassen,California,Lassen_California_UnitedStates
1601,40077.0,Latimer,Oklahoma,Latimer_Oklahoma_UnitedStates
1603,28075.0,Lauderdale,Mississippi,Lauderdale_Mississippi_UnitedStates
1604,47097.0,Lauderdale,Tennessee,Lauderdale_Tennessee_UnitedStates
1605,21125.0,Laurel,Kentucky,Laurel_Kentucky_UnitedStates
1606,13175.0,Laurens,Georgia,Laurens_Georgia_UnitedStates
1608,48285.0,Lavaca,Texas,Lavaca_Texas_UnitedStates
1610,5075.0,Lawrence,Arkansas,Lawrence_Arkansas_UnitedStates
1611,17101.0,Lawrence,Illinois,Lawrence_Illinois_UnitedStates
1613,21127.0,Lawrence,Kentucky,Lawrence_Kentucky_UnitedStates
1614,28077.0,Lawrence,Mississippi,Lawrence_Mississippi_UnitedStates
1615,29109.0,Lawrence,Missouri,Lawrence_Missouri_UnitedStates
1622,35025.0,Lea,NewMexico,Lea_NewMexico_UnitedStates
1623,28079.0,Leake,Mississippi,Leake_Mississippi_UnitedStates
1627,5077.0,Lee,Arkansas,Lee_Arkansas_UnitedStates
1631,19111.0,Lee,Iowa,Lee_Iowa_UnitedStates
1632,21129.0,Lee,Kentucky,Lee_Kentucky_UnitedStates
1633,28081.0,Lee,Mississippi,Lee_Mississippi_UnitedStates
1635,45061.0,Lee,SouthCarolina,Lee_SouthCarolina_UnitedStates
1636,48287.0,Lee,Texas,Lee_Texas_UnitedStates
1637,51105.0,Lee,Virginia,Lee_Virginia_UnitedStates
1638,26089.0,Leelanau,Michigan,Leelanau_Michigan_UnitedStates
1639,28083.0,Leflore,Mississippi,Leflore_Mississippi_UnitedStates
1641,16059.0,Lemhi,Idaho,Lemhi_Idaho_UnitedStates
1645,48289.0,Leon,Texas,Leon_Texas_UnitedStates
1646,21131.0,Leslie,Kentucky,Leslie_Kentucky_UnitedStates
1647,21133.0,Letcher,Kentucky,Letcher_Kentucky_UnitedStates
1648,12075.0,Levy,Florida,Levy_Florida_UnitedStates
1649,16061.0,Lewis,Idaho,Lewis_Idaho_UnitedStates
1650,21135.0,Lewis,Kentucky,Lewis_Kentucky_UnitedStates
1651,29111.0,Lewis,Missouri,Lewis_Missouri_UnitedStates
1652,36049.0,Lewis,NewYork,Lewis_NewYork_UnitedStates
1653,47101.0,Lewis,Tennessee,Lewis_Tennessee_UnitedStates
1655,54041.0,Lewis,WestVirginia,Lewis_WestVirginia_UnitedStates
1656,30049.0,LewisandClark,Montana,LewisandClark_Montana_UnitedStates
1658,51678.0,Lexington,Virginia,Lexington_Virginia_UnitedStates
1659,12077.0,Liberty,Florida,Liberty_Florida_UnitedStates
1661,30051.0,Liberty,Montana,Liberty_Montana_UnitedStates
1665,48293.0,Limestone,Texas,Limestone_Texas_UnitedStates
1667,8073.0,Lincoln,Colorado,Lincoln_Colorado_UnitedStates
1669,16063.0,Lincoln,Idaho,Lincoln_Idaho_UnitedStates
1670,20105.0,Lincoln,Kansas,Lincoln_Kansas_UnitedStates
1671,21137.0,Lincoln,Kentucky,Lincoln_Kentucky_UnitedStates
1673,23015.0,Lincoln,Maine,Lincoln_Maine_UnitedStates
1674,27081.0,Lincoln,Minnesota,Lincoln_Minnesota_UnitedStates
1677,30053.0,Lincoln,Montana,Lincoln_Montana_UnitedStates
1678,31111.0,Lincoln,Nebraska,Lincoln_Nebraska_UnitedStates
1679,32017.0,Lincoln,Nevada,Lincoln_Nevada_UnitedStates
1680,35027.0,Lincoln,NewMexico,Lincoln_NewMexico_UnitedStates
1683,41041.0,Lincoln,Oregon,Lincoln_Oregon_UnitedStates
1685,47103.0,Lincoln,Tennessee,Lincoln_Tennessee_UnitedStates
1686,53043.0,Lincoln,Washington,Lincoln_Washington_UnitedStates
1689,56023.0,Lincoln,Wyoming,Lincoln_Wyoming_UnitedStates
1692,29115.0,Linn,Missouri,Linn_Missouri_UnitedStates
1694,48295.0,Lipscomb,Texas,Lipscomb_Texas_UnitedStates
1697,48297.0,LiveOak,Texas,LiveOak_Texas_UnitedStates
1699,21139.0,Livingston,Kentucky,Livingston_Kentucky_UnitedStates
1702,29117.0,Livingston,Missouri,Livingston_Missouri_UnitedStates
1704,48299.0,Llano,Texas,Llano_Texas_UnitedStates
1705,5083.0,Logan,Arkansas,Logan_Arkansas_UnitedStates
1706,8075.0,Logan,Colorado,Logan_Colorado_UnitedStates
1708,20109.0,Logan,Kansas,Logan_Kansas_UnitedStates
1709,21141.0,Logan,Kentucky,Logan_Kentucky_UnitedStates
1710,31113.0,Logan,Nebraska,Logan_Nebraska_UnitedStates
1711,38047.0,Logan,NorthDakota,Logan_NorthDakota_UnitedStates
1722,19115.0,Louisa,Iowa,Louisa_Iowa_UnitedStates
1723,51109.0,Louisa,Virginia,Louisa_Virginia_UnitedStates
1724,31115.0,Loup,Nebraska,Loup_Nebraska_UnitedStates
1725,40085.0,Love,Oklahoma,Love_Oklahoma_UnitedStates
1726,48301.0,Loving,Texas,Loving_Texas_UnitedStates
1729,28087.0,Lowndes,Mississippi,Lowndes_Mississippi_UnitedStates
1731,19117.0,Lucas,Iowa,Lucas_Iowa_UnitedStates
1733,26095.0,Luce,Michigan,Luce_Michigan_UnitedStates
1734,13187.0,Lumpkin,Georgia,Lumpkin_Georgia_UnitedStates
1736,51111.0,Lunenburg,Virginia,Lunenburg_Virginia_UnitedStates
1739,46085.0,Lyman,SouthDakota,Lyman_SouthDakota_UnitedStates
1742,19119.0,Lyon,Iowa,Lyon_Iowa_UnitedStates
1744,21143.0,Lyon,Kentucky,Lyon_Kentucky_UnitedStates
1745,27083.0,Lyon,Minnesota,Lyon_Minnesota_UnitedStates
1747,26097.0,Mackinac,Michigan,Mackinac_Michigan_UnitedStates
1749,1087.0,Macon,Alabama,Macon_Alabama_UnitedStates
1750,13193.0,Macon,Georgia,Macon_Georgia_UnitedStates
1752,29121.0,Macon,Missouri,Macon_Missouri_UnitedStates
1753,37113.0,Macon,NorthCarolina,Macon_NorthCarolina_UnitedStates
1759,12079.0,Madison,Florida,Madison_Florida_UnitedStates
1766,22065.0,Madison,Louisiana,Madison_Louisiana_UnitedStates
1768,29123.0,Madison,Missouri,Madison_Missouri_UnitedStates
1769,30057.0,Madison,Montana,Madison_Montana_UnitedStates
1770,31119.0,Madison,Nebraska,Madison_Nebraska_UnitedStates
1775,48313.0,Madison,Texas,Madison_Texas_UnitedStates
1776,51113.0,Madison,Virginia,Madison_Virginia_UnitedStates
1777,21153.0,Magoffin,Kentucky,Magoffin_Kentucky_UnitedStates
1778,19123.0,Mahaska,Iowa,Mahaska_Iowa_UnitedStates
1779,27087.0,Mahnomen,Minnesota,Mahnomen_Minnesota_UnitedStates
1781,40093.0,Major,Oklahoma,Major_Oklahoma_UnitedStates
1786,26101.0,Manistee,Michigan,Manistee_Michigan_UnitedStates
1789,1091.0,Marengo,Alabama,Marengo_Alabama_UnitedStates
1791,29125.0,Maries,Missouri,Maries_Missouri_UnitedStates
1794,1093.0,Marion,Alabama,Marion_Alabama_UnitedStates
1795,5089.0,Marion,Arkansas,Marion_Arkansas_UnitedStates
1800,19125.0,Marion,Iowa,Marion_Iowa_UnitedStates
1801,20115.0,Marion,Kansas,Marion_Kansas_UnitedStates
1802,21155.0,Marion,Kentucky,Marion_Kentucky_UnitedStates
1803,28091.0,Marion,Mississippi,Marion_Mississippi_UnitedStates
1804,29127.0,Marion,Missouri,Marion_Missouri_UnitedStates
1807,45067.0,Marion,SouthCarolina,Marion_SouthCarolina_UnitedStates
1809,48315.0,Marion,Texas,Marion_Texas_UnitedStates
1811,6043.0,Mariposa,California,Mariposa_California_UnitedStates
1813,26103.0,Marquette,Michigan,Marquette_Michigan_UnitedStates
1814,55077.0,Marquette,Wisconsin,Marquette_Wisconsin_UnitedStates
1819,20117.0,Marshall,Kansas,Marshall_Kansas_UnitedStates
1820,21157.0,Marshall,Kentucky,Marshall_Kentucky_UnitedStates
1821,27089.0,Marshall,Minnesota,Marshall_Minnesota_UnitedStates
1823,40095.0,Marshall,Oklahoma,Marshall_Oklahoma_UnitedStates
1824,46091.0,Marshall,SouthDakota,Marshall_SouthDakota_UnitedStates
1828,18101.0,Martin,Indiana,Martin_Indiana_UnitedStates
1829,21159.0,Martin,Kentucky,Martin_Kentucky_UnitedStates
1830,27091.0,Martin,Minnesota,Martin_Minnesota_UnitedStates
1831,37117.0,Martin,NorthCarolina,Martin_NorthCarolina_UnitedStates
1834,17125.0,Mason,Illinois,Mason_Illinois_UnitedStates
1836,26105.0,Mason,Michigan,Mason_Michigan_UnitedStates
1837,48319.0,Mason,Texas,Mason_Texas_UnitedStates
1840,17127.0,Massac,Illinois,Massac_Illinois_UnitedStates
1846,48323.0,Maverick,Texas,Maverick_Texas_UnitedStates
1847,40097.0,Mayes,Oklahoma,Mayes_Oklahoma_UnitedStates
1849,30055.0,McCone,Montana,McCone_Montana_UnitedStates
1851,45065.0,McCormick,SouthCarolina,McCormick_SouthCarolina_UnitedStates
1852,21145.0,McCracken,Kentucky,McCracken_Kentucky_UnitedStates
1853,21147.0,McCreary,Kentucky,McCreary_Kentucky_UnitedStates
1854,48307.0,McCulloch,Texas,McCulloch_Texas_UnitedStates
1855,40089.0,McCurtain,Oklahoma,McCurtain_Oklahoma_UnitedStates
1857,17109.0,McDonough,Illinois,McDonough_Illinois_UnitedStates
1859,54047.0,McDowell,WestVirginia,McDowell_WestVirginia_UnitedStates
1862,38049.0,McHenry,NorthDakota,McHenry_NorthDakota_UnitedStates
1864,38051.0,McIntosh,NorthDakota,McIntosh_NorthDakota_UnitedStates
1865,40091.0,McIntosh,Oklahoma,McIntosh_Oklahoma_UnitedStates
1866,42083.0,McKean,Pennsylvania,McKean_Pennsylvania_UnitedStates
1867,38053.0,McKenzie,NorthDakota,McKenzie_NorthDakota_UnitedStates
1868,35031.0,McKinley,NewMexico,McKinley_NewMexico_UnitedStates
1871,38055.0,McLean,NorthDakota,McLean_NorthDakota_UnitedStates
1875,48311.0,McMullen,Texas,McMullen_Texas_UnitedStates
1876,47109.0,McNairy,Tennessee,McNairy_Tennessee_UnitedStates
1877,20113.0,McPherson,Kansas,McPherson_Kansas_UnitedStates
1878,31117.0,McPherson,Nebraska,McPherson_Nebraska_UnitedStates
1879,46089.0,McPherson,SouthDakota,McPherson_SouthDakota_UnitedStates
1880,20119.0,Meade,Kansas,Meade_Kansas_UnitedStates
1883,30059.0,Meagher,Montana,Meagher_Montana_UnitedStates
1885,51117.0,Mecklenburg,Virginia,Mecklenburg_Virginia_UnitedStates
1889,27093.0,Meeker,Minnesota,Meeker_Minnesota_UnitedStates
1890,39105.0,Meigs,Ohio,Meigs_Ohio_UnitedStates
1891,47121.0,Meigs,Tennessee,Meigs_Tennessee_UnitedStates
1892,46095.0,Mellette,SouthDakota,Mellette_SouthDakota_UnitedStates
1894,48327.0,Menard,Texas,Menard_Texas_UnitedStates
1896,21165.0,Menifee,Kentucky,Menifee_Kentucky_UnitedStates
1897,26109.0,Menominee,Michigan,Menominee_Michigan_UnitedStates
1901,21167.0,Mercer,Kentucky,Mercer_Kentucky_UnitedStates
1902,29129.0,Mercer,Missouri,Mercer_Missouri_UnitedStates
1904,38057.0,Mercer,NorthDakota,Mercer_NorthDakota_UnitedStates
1905,39107.0,Mercer,Ohio,Mercer_Ohio_UnitedStates
1912,21169.0,Metcalfe,Kentucky,Metcalfe_Kentucky_UnitedStates
1920,51119.0,Middlesex,Virginia,Middlesex_Virginia_UnitedStates
1924,48331.0,Milam,Texas,Milam_Texas_UnitedStates
1925,49027.0,Millard,Utah,Millard_Utah_UnitedStates
1928,13201.0,Miller,Georgia,Miller_Georgia_UnitedStates
1929,29131.0,Miller,Missouri,Miller_Missouri_UnitedStates
1931,48333.0,Mills,Texas,Mills_Texas_UnitedStates
1933,46097.0,Miner,SouthDakota,Miner_SouthDakota_UnitedStates
1934,8079.0,Mineral,Colorado,Mineral_Colorado_UnitedStates
1935,30061.0,Mineral,Montana,Mineral_Montana_UnitedStates
1936,32021.0,Mineral,Nevada,Mineral_Nevada_UnitedStates
1938,54059.0,Mingo,WestVirginia,Mingo_WestVirginia_UnitedStates
1939,16067.0,Minidoka,Idaho,Minidoka_Idaho_UnitedStates
1941,26113.0,Missaukee,Michigan,Missaukee_Michigan_UnitedStates
1943,29133.0,Mississippi,Missouri,Mississippi_Missouri_UnitedStates
1945,13205.0,Mitchell,Georgia,Mitchell_Georgia_UnitedStates
1946,19131.0,Mitchell,Iowa,Mitchell_Iowa_UnitedStates
1947,20123.0,Mitchell,Kansas,Mitchell_Kansas_UnitedStates
1948,37121.0,Mitchell,NorthCarolina,Mitchell_NorthCarolina_UnitedStates
1949,48335.0,Mitchell,Texas,Mitchell_Texas_UnitedStates
1951,6049.0,Modoc,California,Modoc_California_UnitedStates
1952,8081.0,Moffat,Colorado,Moffat_Colorado_UnitedStates
1956,6051.0,Mono,California,Mono_California_UnitedStates
1957,19133.0,Monona,Iowa,Monona_Iowa_UnitedStates
1959,1099.0,Monroe,Alabama,Monroe_Alabama_UnitedStates
1960,5095.0,Monroe,Arkansas,Monroe_Arkansas_UnitedStates
1965,19135.0,Monroe,Iowa,Monroe_Iowa_UnitedStates
1966,21171.0,Monroe,Kentucky,Monroe_Kentucky_UnitedStates
1968,28095.0,Monroe,Mississippi,Monroe_Mississippi_UnitedStates
1969,29137.0,Monroe,Missouri,Monroe_Missouri_UnitedStates
1971,39111.0,Monroe,Ohio,Monroe_Ohio_UnitedStates
1973,47123.0,Monroe,Tennessee,Monroe_Tennessee_UnitedStates
1974,54063.0,Monroe,WestVirginia,Monroe_WestVirginia_UnitedStates
1975,55081.0,Monroe,Wisconsin,Monroe_Wisconsin_UnitedStates
1976,48337.0,Montague,Texas,Montague_Texas_UnitedStates
1979,8083.0,Montezuma,Colorado,Montezuma_Colorado_UnitedStates
1981,5097.0,Montgomery,Arkansas,Montgomery_Arkansas_UnitedStates
1982,13209.0,Montgomery,Georgia,Montgomery_Georgia_UnitedStates
1983,17135.0,Montgomery,Illinois,Montgomery_Illinois_UnitedStates
1985,19137.0,Montgomery,Iowa,Montgomery_Iowa_UnitedStates
1986,20125.0,Montgomery,Kansas,Montgomery_Kansas_UnitedStates
1989,28097.0,Montgomery,Mississippi,Montgomery_Mississippi_UnitedStates
1990,29139.0,Montgomery,Missouri,Montgomery_Missouri_UnitedStates
1992,37123.0,Montgomery,NorthCarolina,Montgomery_NorthCarolina_UnitedStates
1998,26119.0,Montmorency,Michigan,Montmorency_Michigan_UnitedStates
2001,46101.0,Moody,SouthDakota,Moody_SouthDakota_UnitedStates
2003,47127.0,Moore,Tennessee,Moore_Tennessee_UnitedStates
2004,48341.0,Moore,Texas,Moore_Texas_UnitedStates
2005,35033.0,Mora,NewMexico,Mora_NewMexico_UnitedStates
2012,21175.0,Morgan,Kentucky,Morgan_Kentucky_UnitedStates
2013,29141.0,Morgan,Missouri,Morgan_Missouri_UnitedStates
2014,39115.0,Morgan,Ohio,Morgan_Ohio_UnitedStates
2017,54065.0,Morgan,WestVirginia,Morgan_WestVirginia_UnitedStates
2018,31123.0,Morrill,Nebraska,Morrill_Nebraska_UnitedStates
2019,20127.0,Morris,Kansas,Morris_Kansas_UnitedStates
2021,48343.0,Morris,Texas,Morris_Texas_UnitedStates
2022,27097.0,Morrison,Minnesota,Morrison_Minnesota_UnitedStates
2025,20129.0,Morton,Kansas,Morton_Kansas_UnitedStates
2027,48345.0,Motley,Texas,Motley_Texas_UnitedStates
2028,17139.0,Moultrie,Illinois,Moultrie_Illinois_UnitedStates
2029,38061.0,Mountrail,NorthDakota,Mountrail_NorthDakota_UnitedStates
2031,21177.0,Muhlenberg,Kentucky,Muhlenberg_Kentucky_UnitedStates
2034,27101.0,Murray,Minnesota,Murray_Minnesota_UnitedStates
2035,40099.0,Murray,Oklahoma,Murray_Oklahoma_UnitedStates
2041,30065.0,Musselshell,Montana,Musselshell_Montana_UnitedStates
2042,48347.0,Nacogdoches,Texas,Nacogdoches_Texas_UnitedStates
2043,31125.0,Nance,Nebraska,Nance_Nebraska_UnitedStates
2044,25019.0,Nantucket,Massachusetts,Nantucket_Massachusetts_UnitedStates
2054,38063.0,Nelson,NorthDakota,Nelson_NorthDakota_UnitedStates
2056,20131.0,Nemaha,Kansas,Nemaha_Kansas_UnitedStates
2057,31127.0,Nemaha,Nebraska,Nemaha_Nebraska_UnitedStates
2058,20133.0,Neosho,Kansas,Neosho_Kansas_UnitedStates
2059,28099.0,Neshoba,Mississippi,Neshoba_Mississippi_UnitedStates
2060,20135.0,Ness,Kansas,Ness_Kansas_UnitedStates
2061,5099.0,Nevada,Arkansas,Nevada_Arkansas_UnitedStates
2068,29143.0,NewMadrid,Missouri,NewMadrid_Missouri_UnitedStates
2070,26123.0,Newaygo,Michigan,Newaygo_Michigan_UnitedStates
2074,5101.0,Newton,Arkansas,Newton_Arkansas_UnitedStates
2077,28101.0,Newton,Mississippi,Newton_Mississippi_UnitedStates
2082,21181.0,Nicholas,Kentucky,Nicholas_Kentucky_UnitedStates
2083,54067.0,Nicholas,WestVirginia,Nicholas_WestVirginia_UnitedStates
2085,56027.0,Niobrara,Wyoming,Niobrara_Wyoming_UnitedStates
2087,39121.0,Noble,Ohio,Noble_Ohio_UnitedStates
2088,40103.0,Noble,Oklahoma,Noble_Oklahoma_UnitedStates
2089,27105.0,Nobles,Minnesota,Nobles_Minnesota_UnitedStates
2092,2180.0,Nome,Alaska,Nome_Alaska_UnitedStates
2095,27107.0,Norman,Minnesota,Norman_Minnesota_UnitedStates
2096,2185.0,NorthSlope,Alaska,NorthSlope_Alaska_UnitedStates
2097,37131.0,Northampton,NorthCarolina,Northampton_NorthCarolina_UnitedStates
2099,51131.0,Northampton,Virginia,Northampton_Virginia_UnitedStates
2101,51133.0,Northumberland,Virginia,Northumberland_Virginia_UnitedStates
2102,2188.0,NorthwestArctic,Alaska,NorthwestArctic_Alaska_UnitedStates
2103,20137.0,Norton,Kansas,Norton_Kansas_UnitedStates
2104,51720.0,Norton,Virginia,Norton_Virginia_UnitedStates
2105,51135.0,Nottoway,Virginia,Nottoway_Virginia_UnitedStates
2106,40105.0,Nowata,Oklahoma,Nowata_Oklahoma_UnitedStates
2107,28103.0,Noxubee,Mississippi,Noxubee_Mississippi_UnitedStates
2108,31129.0,Nuckolls,Nebraska,Nuckolls_Nebraska_UnitedStates
2111,19141.0,O'Brien,Iowa,O'Brien_Iowa_UnitedStates
2113,47131.0,Obion,Tennessee,Obion_Tennessee_UnitedStates
2115,26127.0,Oceana,Michigan,Oceana_Michigan_UnitedStates
2116,48357.0,Ochiltree,Texas,Ochiltree_Texas_UnitedStates
2120,26129.0,Ogemaw,Michigan,Ogemaw_Michigan_UnitedStates
2121,46102.0,OglalaLakota,SouthDakota,OglalaLakota_SouthDakota_UnitedStates
2125,21183.0,Ohio,Kentucky,Ohio_Kentucky_UnitedStates
2128,53047.0,Okanogan,Washington,Okanogan_Washington_UnitedStates
2130,40107.0,Okfuskee,Oklahoma,Okfuskee_Oklahoma_UnitedStates
2133,28105.0,Oktibbeha,Mississippi,Oktibbeha_Mississippi_UnitedStates
2135,48359.0,Oldham,Texas,Oldham_Texas_UnitedStates
2136,38065.0,Oliver,NorthDakota,Oliver_NorthDakota_UnitedStates
2138,16071.0,Oneida,Idaho,Oneida_Idaho_UnitedStates
2140,55085.0,Oneida,Wisconsin,Oneida_Wisconsin_UnitedStates
2144,26131.0,Ontonagon,Michigan,Ontonagon_Michigan_UnitedStates
2147,18117.0,Orange,Indiana,Orange_Indiana_UnitedStates
2151,50017.0,Orange,Vermont,Orange_Vermont_UnitedStates
2152,51137.0,Orange,Virginia,Orange_Virginia_UnitedStates
2154,29149.0,Oregon,Missouri,Oregon_Missouri_UnitedStates
2157,50019.0,Orleans,Vermont,Orleans_Vermont_UnitedStates
2161,20141.0,Osborne,Kansas,Osborne_Kansas_UnitedStates
2163,19143.0,Osceola,Iowa,Osceola_Iowa_UnitedStates
2164,26133.0,Osceola,Michigan,Osceola_Michigan_UnitedStates
2165,26135.0,Oscoda,Michigan,Oscoda_Michigan_UnitedStates
2167,8089.0,Otero,Colorado,Otero_Colorado_UnitedStates
2169,31131.0,Otoe,Nebraska,Otoe_Nebraska_UnitedStates
2170,26137.0,Otsego,Michigan,Otsego_Michigan_UnitedStates
2171,36077.0,Otsego,NewYork,Otsego_NewYork_UnitedStates
2172,20143.0,Ottawa,Kansas,Ottawa_Kansas_UnitedStates
2177,5103.0,Ouachita,Arkansas,Ouachita_Arkansas_UnitedStates
2179,8091.0,Ouray,Colorado,Ouray_Colorado_UnitedStates
2181,47133.0,Overton,Tennessee,Overton_Tennessee_UnitedStates
2183,21187.0,Owen,Kentucky,Owen_Kentucky_UnitedStates
2184,21189.0,Owsley,Kentucky,Owsley_Kentucky_UnitedStates
2186,23017.0,Oxford,Maine,Oxford_Maine_UnitedStates
2187,29153.0,Ozark,Missouri,Ozark_Missouri_UnitedStates
2189,53049.0,Pacific,Washington,Pacific_Washington_UnitedStates
2190,19145.0,Page,Iowa,Page_Iowa_UnitedStates
2191,51139.0,Page,Virginia,Page_Virginia_UnitedStates
2193,19147.0,PaloAlto,Iowa,PaloAlto_Iowa_UnitedStates
2196,28107.0,Panola,Mississippi,Panola_Mississippi_UnitedStates
2197,48365.0,Panola,Texas,Panola_Texas_UnitedStates
2199,30067.0,Park,Montana,Park_Montana_UnitedStates
2200,56029.0,Park,Wyoming,Park_Wyoming_UnitedStates
2201,18121.0,Parke,Indiana,Parke_Indiana_UnitedStates
2203,48369.0,Parmer,Texas,Parmer_Texas_UnitedStates
2207,51141.0,Patrick,Virginia,Patrick_Virginia_UnitedStates
2209,39125.0,Paulding,Ohio,Paulding_Ohio_UnitedStates
2210,20145.0,Pawnee,Kansas,Pawnee_Kansas_UnitedStates
2211,31133.0,Pawnee,Nebraska,Pawnee_Nebraska_UnitedStates
2217,48371.0,Pecos,Texas,Pecos_Texas_UnitedStates
2218,38067.0,Pembina,NorthDakota,Pembina_NorthDakota_UnitedStates
2219,29155.0,Pemiscot,Missouri,Pemiscot_Missouri_UnitedStates
2223,54071.0,Pendleton,WestVirginia,Pendleton_WestVirginia_UnitedStates
2224,27113.0,Pennington,Minnesota,Pennington_Minnesota_UnitedStates
2228,55091.0,Pepin,Wisconsin,Pepin_Wisconsin_UnitedStates
2229,31135.0,Perkins,Nebraska,Perkins_Nebraska_UnitedStates
2230,46105.0,Perkins,SouthDakota,Perkins_SouthDakota_UnitedStates
2232,1105.0,Perry,Alabama,Perry_Alabama_UnitedStates
2234,17145.0,Perry,Illinois,Perry_Illinois_UnitedStates
2235,18123.0,Perry,Indiana,Perry_Indiana_UnitedStates
2236,21193.0,Perry,Kentucky,Perry_Kentucky_UnitedStates
2238,29157.0,Perry,Missouri,Perry_Missouri_UnitedStates
2241,47135.0,Perry,Tennessee,Perry_Tennessee_UnitedStates
2242,32027.0,Pershing,Nevada,Pershing_Nevada_UnitedStates
2244,2195.0,Petersburg,Alaska,Petersburg_Alaska_UnitedStates
2246,30069.0,Petroleum,Montana,Petroleum_Montana_UnitedStates
2248,29161.0,Phelps,Missouri,Phelps_Missouri_UnitedStates
2249,31137.0,Phelps,Nebraska,Phelps_Nebraska_UnitedStates
2252,8095.0,Phillips,Colorado,Phillips_Colorado_UnitedStates
2253,20147.0,Phillips,Kansas,Phillips_Kansas_UnitedStates
2254,30071.0,Phillips,Montana,Phillips_Montana_UnitedStates
2260,47137.0,Pickett,Tennessee,Pickett_Tennessee_UnitedStates
2262,31139.0,Pierce,Nebraska,Pierce_Nebraska_UnitedStates
2263,38069.0,Pierce,NorthDakota,Pierce_NorthDakota_UnitedStates
2267,5109.0,Pike,Arkansas,Pike_Arkansas_UnitedStates
2269,17149.0,Pike,Illinois,Pike_Illinois_UnitedStates
2271,21195.0,Pike,Kentucky,Pike_Kentucky_UnitedStates
2273,29163.0,Pike,Missouri,Pike_Missouri_UnitedStates
2274,39131.0,Pike,Ohio,Pike_Ohio_UnitedStates
2278,27115.0,Pine,Minnesota,Pine_Minnesota_UnitedStates
2280,27117.0,Pipestone,Minnesota,Pipestone_Minnesota_UnitedStates
2281,23021.0,Piscataquis,Maine,Piscataquis_Maine_UnitedStates
2282,8097.0,Pitkin,Colorado,Pitkin_Colorado_UnitedStates
2284,40121.0,Pittsburg,Oklahoma,Pittsburg_Oklahoma_UnitedStates
2286,49031.0,Piute,Utah,Piute_Utah_UnitedStates
2290,31141.0,Platte,Nebraska,Platte_Nebraska_UnitedStates
2291,56031.0,Platte,Wyoming,Platte_Wyoming_UnitedStates
2292,54073.0,Pleasants,WestVirginia,Pleasants_WestVirginia_UnitedStates
2293,6063.0,Plumas,California,Plumas_California_UnitedStates
2296,19151.0,Pocahontas,Iowa,Pocahontas_Iowa_UnitedStates
2297,54075.0,Pocahontas,WestVirginia,Pocahontas_WestVirginia_UnitedStates
2300,5113.0,Polk,Arkansas,Polk_Arkansas_UnitedStates
2306,31143.0,Polk,Nebraska,Polk_Nebraska_UnitedStates
2307,37149.0,Polk,NorthCarolina,Polk_NorthCarolina_UnitedStates
2310,48373.0,Polk,Texas,Polk_Texas_UnitedStates
2311,55095.0,Polk,Wisconsin,Polk_Wisconsin_UnitedStates
2312,30073.0,Pondera,Montana,Pondera_Montana_UnitedStates
2313,28115.0,Pontotoc,Mississippi,Pontotoc_Mississippi_UnitedStates
2314,40123.0,Pontotoc,Oklahoma,Pontotoc_Oklahoma_UnitedStates
2315,5115.0,Pope,Arkansas,Pope_Arkansas_UnitedStates
2316,17151.0,Pope,Illinois,Pope_Illinois_UnitedStates
2317,27121.0,Pope,Minnesota,Pope_Minnesota_UnitedStates
2327,42105.0,Potter,Pennsylvania,Potter_Pennsylvania_UnitedStates
2328,46107.0,Potter,SouthDakota,Potter_SouthDakota_UnitedStates
2330,30075.0,PowderRiver,Montana,PowderRiver_Montana_UnitedStates
2331,21197.0,Powell,Kentucky,Powell_Kentucky_UnitedStates
2332,30077.0,Powell,Montana,Powell_Montana_UnitedStates
2333,16077.0,Power,Idaho,Power_Idaho_UnitedStates
2334,19157.0,Poweshiek,Iowa,Poweshiek_Iowa_UnitedStates
2336,5117.0,Prairie,Arkansas,Prairie_Arkansas_UnitedStates
2337,30079.0,Prairie,Montana,Prairie_Montana_UnitedStates
2338,20151.0,Pratt,Kansas,Pratt_Kansas_UnitedStates
2339,39135.0,Preble,Ohio,Preble_Ohio_UnitedStates
2340,28117.0,Prentiss,Mississippi,Prentiss_Mississippi_UnitedStates
2341,48377.0,Presidio,Texas,Presidio_Texas_UnitedStates
2342,26141.0,PresqueIsle,Michigan,PresqueIsle_Michigan_UnitedStates
2344,55099.0,Price,Wisconsin,Price_Wisconsin_UnitedStates
2345,51147.0,PrinceEdward,Virginia,PrinceEdward_Virginia_UnitedStates
2351,8099.0,Prowers,Colorado,Prowers_Colorado_UnitedStates
2355,17153.0,Pulaski,Illinois,Pulaski_Illinois_UnitedStates
2356,18131.0,Pulaski,Indiana,Pulaski_Indiana_UnitedStates
2357,21199.0,Pulaski,Kentucky,Pulaski_Kentucky_UnitedStates
2358,29169.0,Pulaski,Missouri,Pulaski_Missouri_UnitedStates
2360,40127.0,Pushmataha,Oklahoma,Pushmataha_Oklahoma_UnitedStates
2362,13237.0,Putnam,Georgia,Putnam_Georgia_UnitedStates
2363,17155.0,Putnam,Illinois,Putnam_Illinois_UnitedStates
2365,29171.0,Putnam,Missouri,Putnam_Missouri_UnitedStates
2367,39137.0,Putnam,Ohio,Putnam_Ohio_UnitedStates
2370,35037.0,Quay,NewMexico,Quay_NewMexico_UnitedStates
2373,13239.0,Quitman,Georgia,Quitman_Georgia_UnitedStates
2374,28119.0,Quitman,Mississippi,Quitman_Mississippi_UnitedStates
2375,13241.0,Rabun,Georgia,Rabun_Georgia_UnitedStates
2378,48379.0,Rains,Texas,Rains_Texas_UnitedStates
2380,29173.0,Ralls,Missouri,Ralls_Missouri_UnitedStates
2382,38071.0,Ramsey,NorthDakota,Ramsey_NorthDakota_UnitedStates
2384,1111.0,Randolph,Alabama,Randolph_Alabama_UnitedStates
2385,5121.0,Randolph,Arkansas,Randolph_Arkansas_UnitedStates
2386,13243.0,Randolph,Georgia,Randolph_Georgia_UnitedStates
2387,17157.0,Randolph,Illinois,Randolph_Illinois_UnitedStates
2388,18135.0,Randolph,Indiana,Randolph_Indiana_UnitedStates
2391,54083.0,Randolph,WestVirginia,Randolph_WestVirginia_UnitedStates
2393,38073.0,Ransom,NorthDakota,Ransom_NorthDakota_UnitedStates
2396,30081.0,Ravalli,Montana,Ravalli_Montana_UnitedStates
2397,20153.0,Rawlins,Kansas,Rawlins_Kansas_UnitedStates
2399,48383.0,Reagan,Texas,Reagan_Texas_UnitedStates
2400,48385.0,Real,Texas,Real_Texas_UnitedStates
2401,27125.0,RedLake,Minnesota,RedLake_Minnesota_UnitedStates
2402,22081.0,RedRiver,Louisiana,RedRiver_Louisiana_UnitedStates
2403,48387.0,RedRiver,Texas,RedRiver_Texas_UnitedStates
2404,31145.0,RedWillow,Nebraska,RedWillow_Nebraska_UnitedStates
2405,27127.0,Redwood,Minnesota,Redwood_Minnesota_UnitedStates
2406,48389.0,Reeves,Texas,Reeves_Texas_UnitedStates
2407,48391.0,Refugio,Texas,Refugio_Texas_UnitedStates
2410,27129.0,Renville,Minnesota,Renville_Minnesota_UnitedStates
2411,38075.0,Renville,NorthDakota,Renville_NorthDakota_UnitedStates
2412,20157.0,Republic,Kansas,Republic_Kansas_UnitedStates
2413,29179.0,Reynolds,Missouri,Reynolds_Missouri_UnitedStates
2415,20159.0,Rice,Kansas,Rice_Kansas_UnitedStates
2417,49033.0,Rich,Utah,Rich_Utah_UnitedStates
2418,31147.0,Richardson,Nebraska,Richardson_Nebraska_UnitedStates
2419,17159.0,Richland,Illinois,Richland_Illinois_UnitedStates
2420,22083.0,Richland,Louisiana,Richland_Louisiana_UnitedStates
2421,30083.0,Richland,Montana,Richland_Montana_UnitedStates
2425,55103.0,Richland,Wisconsin,Richland_Wisconsin_UnitedStates
2429,37153.0,Richmond,NorthCarolina,Richmond_NorthCarolina_UnitedStates
2430,51159.0,Richmond,Virginia,Richmond_Virginia_UnitedStates
2432,19159.0,Ringgold,Iowa,Ringgold_Iowa_UnitedStates
2434,8103.0,RioBlanco,Colorado,RioBlanco_Colorado_UnitedStates
2435,8105.0,RioGrande,Colorado,RioGrande_Colorado_UnitedStates
2436,18137.0,Ripley,Indiana,Ripley_Indiana_UnitedStates
2437,29181.0,Ripley,Missouri,Ripley_Missouri_UnitedStates
2438,54085.0,Ritchie,WestVirginia,Ritchie_WestVirginia_UnitedStates
2441,54087.0,Roane,WestVirginia,Roane_WestVirginia_UnitedStates
2444,46109.0,Roberts,SouthDakota,Roberts_SouthDakota_UnitedStates
2445,48393.0,Roberts,Texas,Roberts_Texas_UnitedStates
2446,21201.0,Robertson,Kentucky,Robertson_Kentucky_UnitedStates
2451,27133.0,Rock,Minnesota,Rock_Minnesota_UnitedStates
2452,31149.0,Rock,Nebraska,Rock_Nebraska_UnitedStates
2454,51163.0,Rockbridge,Virginia,Rockbridge_Virginia_UnitedStates
2455,21203.0,Rockcastle,Kentucky,Rockcastle_Kentucky_UnitedStates
2462,40129.0,RogerMills,Oklahoma,RogerMills_Oklahoma_UnitedStates
2464,38079.0,Rolette,NorthDakota,Rolette_NorthDakota_UnitedStates
2465,20163.0,Rooks,Kansas,Rooks_Kansas_UnitedStates
2466,30085.0,Roosevelt,Montana,Roosevelt_Montana_UnitedStates
2467,35041.0,Roosevelt,NewMexico,Roosevelt_NewMexico_UnitedStates
2468,26143.0,Roscommon,Michigan,Roscommon_Michigan_UnitedStates
2469,27135.0,Roseau,Minnesota,Roseau_Minnesota_UnitedStates
2470,30087.0,Rosebud,Montana,Rosebud_Montana_UnitedStates
2472,8107.0,Routt,Colorado,Routt_Colorado_UnitedStates
2473,21205.0,Rowan,Kentucky,Rowan_Kentucky_UnitedStates
2475,48399.0,Runnels,Texas,Runnels_Texas_UnitedStates
2476,18139.0,Rush,Indiana,Rush_Indiana_UnitedStates
2477,20165.0,Rush,Kansas,Rush_Kansas_UnitedStates
2479,55107.0,Rusk,Wisconsin,Rusk_Wisconsin_UnitedStates
2481,20167.0,Russell,Kansas,Russell_Kansas_UnitedStates
2482,21207.0,Russell,Kentucky,Russell_Kentucky_UnitedStates
2483,51167.0,Russell,Virginia,Russell_Virginia_UnitedStates
2487,22085.0,Sabine,Louisiana,Sabine_Louisiana_UnitedStates
2488,48403.0,Sabine,Texas,Sabine_Texas_UnitedStates
2489,19161.0,Sac,Iowa,Sac_Iowa_UnitedStates
2493,8109.0,Saguache,Colorado,Saguache_Colorado_UnitedStates
2497,17165.0,Saline,Illinois,Saline_Illinois_UnitedStates
2498,20169.0,Saline,Kansas,Saline_Kansas_UnitedStates
2500,31151.0,Saline,Nebraska,Saline_Nebraska_UnitedStates
2503,37163.0,Sampson,NorthCarolina,Sampson_NorthCarolina_UnitedStates
2504,48405.0,SanAugustine,Texas,SanAugustine_Texas_UnitedStates
2509,48407.0,SanJacinto,Texas,SanJacinto_Texas_UnitedStates
2511,8111.0,SanJuan,Colorado,SanJuan_Colorado_UnitedStates
2513,49037.0,SanJuan,Utah,SanJuan_Utah_UnitedStates
2514,53055.0,SanJuan,Washington,SanJuan_Washington_UnitedStates
2517,8113.0,SanMiguel,Colorado,SanMiguel_Colorado_UnitedStates
2520,48411.0,SanSaba,Texas,SanSaba_Texas_UnitedStates
2521,46111.0,Sanborn,SouthDakota,Sanborn_SouthDakota_UnitedStates
2522,30089.0,Sanders,Montana,Sanders_Montana_UnitedStates
2526,26151.0,Sanilac,Michigan,Sanilac_Michigan_UnitedStates
2527,49039.0,Sanpete,Utah,Sanpete_Utah_UnitedStates
2536,38081.0,Sargent,NorthDakota,Sargent_NorthDakota_UnitedStates
2540,55113.0,Sawyer,Wisconsin,Sawyer_Wisconsin_UnitedStates
2542,48413.0,Schleicher,Texas,Schleicher_Texas_UnitedStates
2545,26153.0,Schoolcraft,Michigan,Schoolcraft_Michigan_UnitedStates
2546,17169.0,Schuyler,Illinois,Schuyler_Illinois_UnitedStates
2547,29197.0,Schuyler,Missouri,Schuyler_Missouri_UnitedStates
2548,36097.0,Schuyler,NewYork,Schuyler_NewYork_UnitedStates
2551,29199.0,Scotland,Missouri,Scotland_Missouri_UnitedStates
2553,5127.0,Scott,Arkansas,Scott_Arkansas_UnitedStates
2554,17171.0,Scott,Illinois,Scott_Illinois_UnitedStates
2557,20171.0,Scott,Kansas,Scott_Kansas_UnitedStates
2560,28123.0,Scott,Mississippi,Scott_Mississippi_UnitedStates
2562,47151.0,Scott,Tennessee,Scott_Tennessee_UnitedStates
2564,31157.0,ScottsBluff,Nebraska,ScottsBluff_Nebraska_UnitedStates
2565,13251.0,Screven,Georgia,Screven_Georgia_UnitedStates
2566,48415.0,Scurry,Texas,Scurry_Texas_UnitedStates
2567,5129.0,Searcy,Arkansas,Searcy_Arkansas_UnitedStates
2569,8115.0,Sedgwick,Colorado,Sedgwick_Colorado_UnitedStates
2572,13253.0,Seminole,Georgia,Seminole_Georgia_UnitedStates
2573,40133.0,Seminole,Oklahoma,Seminole_Oklahoma_UnitedStates
2578,5133.0,Sevier,Arkansas,Sevier_Arkansas_UnitedStates
2580,49041.0,Sevier,Utah,Sevier_Utah_UnitedStates
2581,20175.0,Seward,Kansas,Seward_Kansas_UnitedStates
2583,48417.0,Shackelford,Texas,Shackelford_Texas_UnitedStates
2584,29203.0,Shannon,Missouri,Shannon_Missouri_UnitedStates
2585,28125.0,Sharkey,Mississippi,Sharkey_Mississippi_UnitedStates
2586,5135.0,Sharp,Arkansas,Sharp_Arkansas_UnitedStates
2592,17173.0,Shelby,Illinois,Shelby_Illinois_UnitedStates
2594,19165.0,Shelby,Iowa,Shelby_Iowa_UnitedStates
2596,29205.0,Shelby,Missouri,Shelby_Missouri_UnitedStates
2599,48419.0,Shelby,Texas,Shelby_Texas_UnitedStates
2600,51171.0,Shenandoah,Virginia,Shenandoah_Virginia_UnitedStates
2602,20179.0,Sheridan,Kansas,Sheridan_Kansas_UnitedStates
2603,30091.0,Sheridan,Montana,Sheridan_Montana_UnitedStates
2604,31161.0,Sheridan,Nebraska,Sheridan_Nebraska_UnitedStates
2605,38083.0,Sheridan,NorthDakota,Sheridan_NorthDakota_UnitedStates
2606,56033.0,Sheridan,Wyoming,Sheridan_Wyoming_UnitedStates
2607,20181.0,Sherman,Kansas,Sherman_Kansas_UnitedStates
2608,31163.0,Sherman,Nebraska,Sherman_Nebraska_UnitedStates
2609,41055.0,Sherman,Oregon,Sherman_Oregon_UnitedStates
2610,48421.0,Sherman,Texas,Sherman_Texas_UnitedStates
2612,16079.0,Shoshone,Idaho,Shoshone_Idaho_UnitedStates
2614,6091.0,Sierra,California,Sierra_California_UnitedStates
2615,35051.0,Sierra,NewMexico,Sierra_NewMexico_UnitedStates
2616,30093.0,SilverBow,Montana,SilverBow_Montana_UnitedStates
2617,21213.0,Simpson,Kentucky,Simpson_Kentucky_UnitedStates
2619,19167.0,Sioux,Iowa,Sioux_Iowa_UnitedStates
2620,31165.0,Sioux,Nebraska,Sioux_Nebraska_UnitedStates
2621,38085.0,Sioux,NorthDakota,Sioux_NorthDakota_UnitedStates
2622,6093.0,Siskiyou,California,Siskiyou_California_UnitedStates
2623,2220.0,Sitka,Alaska,Sitka_Alaska_UnitedStates
2627,38087.0,Slope,NorthDakota,Slope_NorthDakota_UnitedStates
2628,20183.0,Smith,Kansas,Smith_Kansas_UnitedStates
2629,28129.0,Smith,Mississippi,Smith_Mississippi_UnitedStates
2632,51173.0,Smyth,Virginia,Smyth_Virginia_UnitedStates
2634,42109.0,Snyder,Pennsylvania,Snyder_Pennsylvania_UnitedStates
2635,35053.0,Socorro,NewMexico,Socorro_NewMexico_UnitedStates
2637,23025.0,Somerset,Maine,Somerset_Maine_UnitedStates
2643,51175.0,Southampton,Virginia,Southampton_Virginia_UnitedStates
2644,2240.0,SoutheastFairbanks,Alaska,SoutheastFairbanks_Alaska_UnitedStates
2647,18147.0,Spencer,Indiana,Spencer_Indiana_UnitedStates
2649,46115.0,Spink,SouthDakota,Spink_SouthDakota_UnitedStates
2658,29185.0,St.Clair,Missouri,St.Clair_Missouri_UnitedStates
2678,20185.0,Stafford,Kansas,Stafford_Kansas_UnitedStates
2681,46117.0,Stanley,SouthDakota,Stanley_SouthDakota_UnitedStates
2683,20187.0,Stanton,Kansas,Stanton_Kansas_UnitedStates
2684,31167.0,Stanton,Nebraska,Stanton_Nebraska_UnitedStates
2685,17175.0,Stark,Illinois,Stark_Illinois_UnitedStates
2686,38089.0,Stark,NorthDakota,Stark_NorthDakota_UnitedStates
2688,18149.0,Starke,Indiana,Starke_Indiana_UnitedStates
2691,29186.0,Ste.Genevieve,Missouri,Ste.Genevieve_Missouri_UnitedStates
2693,27147.0,Steele,Minnesota,Steele_Minnesota_UnitedStates
2694,38091.0,Steele,NorthDakota,Steele_NorthDakota_UnitedStates
2695,13257.0,Stephens,Georgia,Stephens_Georgia_UnitedStates
2697,48429.0,Stephens,Texas,Stephens_Texas_UnitedStates
2699,48431.0,Sterling,Texas,Sterling_Texas_UnitedStates
2700,18151.0,Steuben,Indiana,Steuben_Indiana_UnitedStates
2702,20189.0,Stevens,Kansas,Stevens_Kansas_UnitedStates
2703,27149.0,Stevens,Minnesota,Stevens_Minnesota_UnitedStates
2705,13259.0,Stewart,Georgia,Stewart_Georgia_UnitedStates
2706,47161.0,Stewart,Tennessee,Stewart_Tennessee_UnitedStates
2707,30095.0,Stillwater,Montana,Stillwater_Montana_UnitedStates
2708,29207.0,Stoddard,Missouri,Stoddard_Missouri_UnitedStates
2710,5137.0,Stone,Arkansas,Stone_Arkansas_UnitedStates
2711,28131.0,Stone,Mississippi,Stone_Mississippi_UnitedStates
2713,48433.0,Stonewall,Texas,Stonewall_Texas_UnitedStates
2717,38093.0,Stutsman,NorthDakota,Stutsman_NorthDakota_UnitedStates
2718,56035.0,Sublette,Wyoming,Sublette_Wyoming_UnitedStates
2723,29211.0,Sullivan,Missouri,Sullivan_Missouri_UnitedStates
2724,33019.0,Sullivan,NewHampshire,Sullivan_NewHampshire_UnitedStates
2725,36105.0,Sullivan,NewYork,Sullivan_NewYork_UnitedStates
2726,42113.0,Sullivan,Pennsylvania,Sullivan_Pennsylvania_UnitedStates
2728,46119.0,Sully,SouthDakota,Sully_SouthDakota_UnitedStates
2729,54089.0,Summers,WestVirginia,Summers_WestVirginia_UnitedStates
2730,8117.0,Summit,Colorado,Summit_Colorado_UnitedStates
2735,1119.0,Sumter,Alabama,Sumter_Alabama_UnitedStates
2739,28133.0,Sunflower,Mississippi,Sunflower_Mississippi_UnitedStates
2741,51181.0,Surry,Virginia,Surry_Virginia_UnitedStates
2742,42115.0,Susquehanna,Pennsylvania,Susquehanna_Pennsylvania_UnitedStates
2747,48435.0,Sutton,Texas,Sutton_Texas_UnitedStates
2748,12121.0,Suwannee,Florida,Suwannee_Florida_UnitedStates
2749,37173.0,Swain,NorthCarolina,Swain_NorthCarolina_UnitedStates
2750,30097.0,SweetGrass,Montana,SweetGrass_Montana_UnitedStates
2751,56037.0,Sweetwater,Wyoming,Sweetwater_Wyoming_UnitedStates
2752,27151.0,Swift,Minnesota,Swift_Minnesota_UnitedStates
2753,48437.0,Swisher,Texas,Swisher_Texas_UnitedStates
2754,18155.0,Switzerland,Indiana,Switzerland_Indiana_UnitedStates
2755,13263.0,Talbot,Georgia,Talbot_Georgia_UnitedStates
2757,13265.0,Taliaferro,Georgia,Taliaferro_Georgia_UnitedStates
2759,28135.0,Tallahatchie,Mississippi,Tallahatchie_Mississippi_UnitedStates
2760,1123.0,Tallapoosa,Alabama,Tallapoosa_Alabama_UnitedStates
2761,19171.0,Tama,Iowa,Tama_Iowa_UnitedStates
2764,35055.0,Taos,NewMexico,Taos_NewMexico_UnitedStates
2767,13267.0,Tattnall,Georgia,Tattnall_Georgia_UnitedStates
2768,12123.0,Taylor,Florida,Taylor_Florida_UnitedStates
2769,13269.0,Taylor,Georgia,Taylor_Georgia_UnitedStates
2770,19173.0,Taylor,Iowa,Taylor_Iowa_UnitedStates
2771,21217.0,Taylor,Kentucky,Taylor_Kentucky_UnitedStates
2774,55119.0,Taylor,Wisconsin,Taylor_Wisconsin_UnitedStates
2776,51185.0,Tazewell,Virginia,Tazewell_Virginia_UnitedStates
2778,13271.0,Telfair,Georgia,Telfair_Georgia_UnitedStates
2780,22107.0,Tensas,Louisiana,Tensas_Louisiana_UnitedStates
2783,48443.0,Terrell,Texas,Terrell_Texas_UnitedStates
2784,48445.0,Terry,Texas,Terry_Texas_UnitedStates
2785,16081.0,Teton,Idaho,Teton_Idaho_UnitedStates
2786,30099.0,Teton,Montana,Teton_Montana_UnitedStates
2787,56039.0,Teton,Wyoming,Teton_Wyoming_UnitedStates
2788,29215.0,Texas,Missouri,Texas_Missouri_UnitedStates
2789,40139.0,Texas,Oklahoma,Texas_Oklahoma_UnitedStates
2790,31169.0,Thayer,Nebraska,Thayer_Nebraska_UnitedStates
2792,20193.0,Thomas,Kansas,Thomas_Kansas_UnitedStates
2793,31171.0,Thomas,Nebraska,Thomas_Nebraska_UnitedStates
2794,48447.0,Throckmorton,Texas,Throckmorton_Texas_UnitedStates
2795,31173.0,Thurston,Nebraska,Thurston_Nebraska_UnitedStates
2797,13277.0,Tift,Georgia,Tift_Georgia_UnitedStates
2798,41057.0,Tillamook,Oregon,Tillamook_Oregon_UnitedStates
2799,40141.0,Tillman,Oklahoma,Tillman_Oklahoma_UnitedStates
2801,42117.0,Tioga,Pennsylvania,Tioga_Pennsylvania_UnitedStates
2802,28139.0,Tippah,Mississippi,Tippah_Mississippi_UnitedStates
2804,18159.0,Tipton,Indiana,Tipton_Indiana_UnitedStates
2806,28141.0,Tishomingo,Mississippi,Tishomingo_Mississippi_UnitedStates
2807,48449.0,Titus,Texas,Titus_Texas_UnitedStates
2808,21219.0,Todd,Kentucky,Todd_Kentucky_UnitedStates
2809,27153.0,Todd,Minnesota,Todd_Minnesota_UnitedStates
2810,46121.0,Todd,SouthDakota,Todd_SouthDakota_UnitedStates
2815,30101.0,Toole,Montana,Toole_Montana_UnitedStates
2816,13279.0,Toombs,Georgia,Toombs_Georgia_UnitedStates
2818,38095.0,Towner,NorthDakota,Towner_NorthDakota_UnitedStates
2819,13281.0,Towns,Georgia,Towns_Georgia_UnitedStates
2820,38097.0,Traill,NorthDakota,Traill_NorthDakota_UnitedStates
2822,27155.0,Traverse,Minnesota,Traverse_Minnesota_UnitedStates
2824,30103.0,Treasure,Montana,Treasure_Montana_UnitedStates
2825,20195.0,Trego,Kansas,Trego_Kansas_UnitedStates
2826,55121.0,Trempealeau,Wisconsin,Trempealeau_Wisconsin_UnitedStates
2827,13283.0,Treutlen,Georgia,Treutlen_Georgia_UnitedStates
2830,6105.0,Trinity,California,Trinity_California_UnitedStates
2831,48455.0,Trinity,Texas,Trinity_Texas_UnitedStates
2832,46123.0,Tripp,SouthDakota,Tripp_SouthDakota_UnitedStates
2836,54093.0,Tucker,WestVirginia,Tucker_WestVirginia_UnitedStates
2841,13287.0,Turner,Georgia,Turner_Georgia_UnitedStates
2845,26157.0,Tuscola,Michigan,Tuscola_Michigan_UnitedStates
2846,13289.0,Twiggs,Georgia,Twiggs_Georgia_UnitedStates
2847,16083.0,TwinFalls,Idaho,TwinFalls_Idaho_UnitedStates
2848,48457.0,Tyler,Texas,Tyler_Texas_UnitedStates
2849,54095.0,Tyler,WestVirginia,Tyler_WestVirginia_UnitedStates
2850,37177.0,Tyrrell,NorthCarolina,Tyrrell_NorthCarolina_UnitedStates
2851,56041.0,Uinta,Wyoming,Uinta_Wyoming_UnitedStates
2853,49047.0,Uintah,Utah,Uintah_Utah_UnitedStates
2857,5139.0,Union,Arkansas,Union_Arkansas_UnitedStates
2858,12125.0,Union,Florida,Union_Florida_UnitedStates
2859,13291.0,Union,Georgia,Union_Georgia_UnitedStates
2860,17181.0,Union,Illinois,Union_Illinois_UnitedStates
2862,19175.0,Union,Iowa,Union_Iowa_UnitedStates
2863,21225.0,Union,Kentucky,Union_Kentucky_UnitedStates
2865,28145.0,Union,Mississippi,Union_Mississippi_UnitedStates
2867,35059.0,Union,NewMexico,Union_NewMexico_UnitedStates
2870,41061.0,Union,Oregon,Union_Oregon_UnitedStates
2876,54097.0,Upshur,WestVirginia,Upshur_WestVirginia_UnitedStates
2878,48461.0,Upton,Texas,Upton_Texas_UnitedStates
2881,48465.0,ValVerde,Texas,ValVerde_Texas_UnitedStates
2883,2261.0,Valdez-Cordova,Alaska,Valdez-Cordova_Alaska_UnitedStates
2885,16085.0,Valley,Idaho,Valley_Idaho_UnitedStates
2886,30105.0,Valley,Montana,Valley_Montana_UnitedStates
2887,31175.0,Valley,Nebraska,Valley_Nebraska_UnitedStates
2888,5141.0,VanBuren,Arkansas,VanBuren_Arkansas_UnitedStates
2889,19177.0,VanBuren,Iowa,VanBuren_Iowa_UnitedStates
2891,47175.0,VanBuren,Tennessee,VanBuren_Tennessee_UnitedStates
2893,48467.0,VanZandt,Texas,VanZandt_Texas_UnitedStates
2901,22115.0,Vernon,Louisiana,Vernon_Louisiana_UnitedStates
2902,29217.0,Vernon,Missouri,Vernon_Missouri_UnitedStates
2903,55123.0,Vernon,Wisconsin,Vernon_Wisconsin_UnitedStates
2906,55125.0,Vilas,Wisconsin,Vilas_Wisconsin_UnitedStates
2907,39163.0,Vinton,Ohio,Vinton_Ohio_UnitedStates
2910,17185.0,Wabash,Illinois,Wabash_Illinois_UnitedStates
2914,27159.0,Wadena,Minnesota,Wadena_Minnesota_UnitedStates
2916,53069.0,Wahkiakum,Washington,Wahkiakum_Washington_UnitedStates
2919,23027.0,Waldo,Maine,Waldo_Maine_UnitedStates
2924,20199.0,Wallace,Kansas,Wallace_Kansas_UnitedStates
2926,41063.0,Wallowa,Oregon,Wallowa_Oregon_UnitedStates
2927,38099.0,Walsh,NorthDakota,Walsh_NorthDakota_UnitedStates
2928,28147.0,Walthall,Mississippi,Walthall_Mississippi_UnitedStates
2931,46129.0,Walworth,SouthDakota,Walworth_SouthDakota_UnitedStates
2933,19179.0,Wapello,Iowa,Wapello_Iowa_UnitedStates
2934,38101.0,Ward,NorthDakota,Ward_NorthDakota_UnitedStates
2935,48475.0,Ward,Texas,Ward_Texas_UnitedStates
2936,13299.0,Ware,Georgia,Ware_Georgia_UnitedStates
2937,13301.0,Warren,Georgia,Warren_Georgia_UnitedStates
2938,17187.0,Warren,Illinois,Warren_Illinois_UnitedStates
2939,18171.0,Warren,Indiana,Warren_Indiana_UnitedStates
2946,37185.0,Warren,NorthCarolina,Warren_NorthCarolina_UnitedStates
2954,27161.0,Waseca,Minnesota,Waseca_Minnesota_UnitedStates
2955,56043.0,Washakie,Wyoming,Washakie_Wyoming_UnitedStates
2956,55129.0,Washburn,Wisconsin,Washburn_Wisconsin_UnitedStates
2957,1129.0,Washington,Alabama,Washington_Alabama_UnitedStates
2959,8121.0,Washington,Colorado,Washington_Colorado_UnitedStates
2960,12133.0,Washington,Florida,Washington_Florida_UnitedStates
2961,13303.0,Washington,Georgia,Washington_Georgia_UnitedStates
2962,16087.0,Washington,Idaho,Washington_Idaho_UnitedStates
2963,17189.0,Washington,Illinois,Washington_Illinois_UnitedStates
2966,20201.0,Washington,Kansas,Washington_Kansas_UnitedStates
2967,21229.0,Washington,Kentucky,Washington_Kentucky_UnitedStates
2969,23029.0,Washington,Maine,Washington_Maine_UnitedStates
2972,28151.0,Washington,Mississippi,Washington_Mississippi_UnitedStates
2973,29221.0,Washington,Missouri,Washington_Missouri_UnitedStates
2976,37187.0,Washington,NorthCarolina,Washington_NorthCarolina_UnitedStates
2988,40149.0,Washita,Oklahoma,Washita_Oklahoma_UnitedStates
2991,37189.0,Watauga,NorthCarolina,Watauga_NorthCarolina_UnitedStates
2992,27165.0,Watonwan,Minnesota,Watonwan_Minnesota_UnitedStates
2994,55135.0,Waupaca,Wisconsin,Waupaca_Wisconsin_UnitedStates
2995,55137.0,Waushara,Wisconsin,Waushara_Wisconsin_UnitedStates
2997,17191.0,Wayne,Illinois,Wayne_Illinois_UnitedStates
2998,18177.0,Wayne,Indiana,Wayne_Indiana_UnitedStates
2999,19185.0,Wayne,Iowa,Wayne_Iowa_UnitedStates
3000,21231.0,Wayne,Kentucky,Wayne_Kentucky_UnitedStates
3002,28153.0,Wayne,Mississippi,Wayne_Mississippi_UnitedStates
3003,29223.0,Wayne,Missouri,Wayne_Missouri_UnitedStates
3004,31179.0,Wayne,Nebraska,Wayne_Nebraska_UnitedStates
3008,42127.0,Wayne,Pennsylvania,Wayne_Pennsylvania_UnitedStates
3009,47181.0,Wayne,Tennessee,Wayne_Tennessee_UnitedStates
3010,49055.0,Wayne,Utah,Wayne_Utah_UnitedStates
3013,47183.0,Weakley,Tennessee,Weakley_Tennessee_UnitedStates
3017,13307.0,Webster,Georgia,Webster_Georgia_UnitedStates
3018,19187.0,Webster,Iowa,Webster_Iowa_UnitedStates
3019,21233.0,Webster,Kentucky,Webster_Kentucky_UnitedStates
3021,28155.0,Webster,Mississippi,Webster_Mississippi_UnitedStates
3023,31181.0,Webster,Nebraska,Webster_Nebraska_UnitedStates
3024,54101.0,Webster,WestVirginia,Webster_WestVirginia_UnitedStates
3027,38103.0,Wells,NorthDakota,Wells_NorthDakota_UnitedStates
3029,22123.0,WestCarroll,Louisiana,WestCarroll_Louisiana_UnitedStates
3033,51193.0,Westmoreland,Virginia,Westmoreland_Virginia_UnitedStates
3034,56045.0,Weston,Wyoming,Weston_Wyoming_UnitedStates
3035,54103.0,Wetzel,WestVirginia,Wetzel_WestVirginia_UnitedStates
3036,26165.0,Wexford,Michigan,Wexford_Michigan_UnitedStates
3040,30107.0,Wheatland,Montana,Wheatland_Montana_UnitedStates
3041,13309.0,Wheeler,Georgia,Wheeler_Georgia_UnitedStates
3042,31183.0,Wheeler,Nebraska,Wheeler_Nebraska_UnitedStates
3043,41069.0,Wheeler,Oregon,Wheeler_Oregon_UnitedStates
3044,48483.0,Wheeler,Texas,Wheeler_Texas_UnitedStates
3045,32033.0,WhitePine,Nevada,WhitePine_Nevada_UnitedStates
3047,13311.0,White,Georgia,White_Georgia_UnitedStates
3048,17193.0,White,Illinois,White_Illinois_UnitedStates
3049,18181.0,White,Indiana,White_Indiana_UnitedStates
3050,47185.0,White,Tennessee,White_Tennessee_UnitedStates
3054,21235.0,Whitley,Kentucky,Whitley_Kentucky_UnitedStates
3056,30109.0,Wibaux,Montana,Wibaux_Montana_UnitedStates
3057,20203.0,Wichita,Kansas,Wichita_Kansas_UnitedStates
3061,1131.0,Wilcox,Alabama,Wilcox_Alabama_UnitedStates
3062,13315.0,Wilcox,Georgia,Wilcox_Georgia_UnitedStates
3063,13317.0,Wilkes,Georgia,Wilkes_Georgia_UnitedStates
3066,13319.0,Wilkinson,Georgia,Wilkinson_Georgia_UnitedStates
3067,28157.0,Wilkinson,Mississippi,Wilkinson_Mississippi_UnitedStates
3070,38105.0,Williams,NorthDakota,Williams_NorthDakota_UnitedStates
3071,39171.0,Williams,Ohio,Williams_Ohio_UnitedStates
3072,45089.0,Williamsburg,SouthCarolina,Williamsburg_SouthCarolina_UnitedStates
3077,20205.0,Wilson,Kansas,Wilson_Kansas_UnitedStates
3083,50025.0,Windham,Vermont,Windham_Vermont_UnitedStates
3084,50027.0,Windsor,Vermont,Windsor_Vermont_UnitedStates
3085,48495.0,Winkler,Texas,Winkler_Texas_UnitedStates
3086,22127.0,Winn,Louisiana,Winn_Louisiana_UnitedStates
3088,19189.0,Winnebago,Iowa,Winnebago_Iowa_UnitedStates
3090,19191.0,Winneshiek,Iowa,Winneshiek_Iowa_UnitedStates
3092,1133.0,Winston,Alabama,Winston_Alabama_UnitedStates
3093,28159.0,Winston,Mississippi,Winston_Mississippi_UnitedStates
3096,51195.0,Wise,Virginia,Wise_Virginia_UnitedStates
3097,21237.0,Wolfe,Kentucky,Wolfe_Kentucky_UnitedStates
3099,48499.0,Wood,Texas,Wood_Texas_UnitedStates
3105,5147.0,Woodruff,Arkansas,Woodruff_Arkansas_UnitedStates
3106,40151.0,Woods,Oklahoma,Woods_Oklahoma_UnitedStates
3107,20207.0,Woodson,Kansas,Woodson_Kansas_UnitedStates
3108,40153.0,Woodward,Oklahoma,Woodward_Oklahoma_UnitedStates
3112,19195.0,Worth,Iowa,Worth_Iowa_UnitedStates
3113,29227.0,Worth,Missouri,Worth_Missouri_UnitedStates
3115,19197.0,Wright,Iowa,Wright_Iowa_UnitedStates
3117,29229.0,Wright,Missouri,Wright_Missouri_UnitedStates
3118,39175.0,Wyandot,Ohio,Wyandot_Ohio_UnitedStates
3120,36121.0,Wyoming,NewYork,Wyoming_NewYork_UnitedStates
3122,54109.0,Wyoming,WestVirginia,Wyoming_WestVirginia_UnitedStates
3123,51197.0,Wythe,Virginia,Wythe_Virginia_UnitedStates
3126,2282.0,Yakutat,Alaska,Yakutat_Alaska_UnitedStates
3127,28161.0,Yalobusha,Mississippi,Yalobusha_Mississippi_UnitedStates
3129,37199.0,Yancey,NorthCarolina,Yancey_NorthCarolina_UnitedStates
3130,46135.0,Yankton,SouthDakota,Yankton_SouthDakota_UnitedStates
3135,27173.0,YellowMedicine,Minnesota,YellowMedicine_Minnesota_UnitedStates
3137,48501.0,Yoakum,Texas,Yoakum_Texas_UnitedStates
3140,31185.0,York,Nebraska,York_Nebraska_UnitedStates
3144,48503.0,Young,Texas,Young_Texas_UnitedStates
3146,2290.0,Yukon-Koyukuk,Alaska,Yukon-Koyukuk_Alaska_UnitedStates
3148,8125.0,Yuma,Colorado,Yuma_Colorado_UnitedStates
3150,48507.0,Zavala,Texas,Zavala_Texas_UnitedStates
3151,46137.0,Ziebach,SouthDakota,Ziebach_SouthDakota_UnitedStates
